b2dcad48-cc22-34e9-8495-248ce6de0133,3,"#
#	Software developer
#	[at] Samozatrudniony(-a)
#	[from] 2012-01-01 [to] 2014-01-01",5
b2dcad48-cc22-34e9-8495-248ce6de0133,4,"#
#	Magento backend developer
#	[at] Baobaz
#	[from] 2014-01-01 [to] 2014-01-01",5
b2dcad48-cc22-34e9-8495-248ce6de0133,5,"#
#	Magento developer / Scrum master
#	[at] JIT Solutions sp. z o.o.
#	[from] 2014-11-01 [to] 2015-11-01",5
b2dcad48-cc22-34e9-8495-248ce6de0133,6,"#
#	PHP Magento Developer / Scrum master
#	[at] LPP S.A.
#	[from] 2015-11-01 [to] 2016-05-01",5
b2dcad48-cc22-34e9-8495-248ce6de0133,7,"#
#	Magento back-end developer
#	[at] Geschenkidee D&A GmbH
#	[from] 2016-05-01 [to] 2017-05-01",5
b2dcad48-cc22-34e9-8495-248ce6de0133,8,"#
#	Senior Software Engineer
#	[at] MONOQI
#	[from] 2017-05-01 [to] 2019-02-01",5
b2dcad48-cc22-34e9-8495-248ce6de0133,9,"#
#	Senior Magento Developer
#	[at] Amorelie
#	[from] 2019-03-01 [to] None",5
b2dcad48-cc22-34e9-8495-248ce6de0133,10,"#
#	Senior Magento Developer
#	[at] Amorelie
#	[from] 2019-03-01 [to] None",5
df22ae00-76ef-36f5-b613-f2a2782abd76,1,"#
#	Intern
#	[at] Mote Marine Laboratory
#	[from] 2007-08-01 [to] 2008-12-01",1
df22ae00-76ef-36f5-b613-f2a2782abd76,2,"#
#	Intern
#	[at] Florida Fish and Wildlife
#	[from] 2008-08-01 [to] 2008-12-01",1
df22ae00-76ef-36f5-b613-f2a2782abd76,3,"#
#	Animal care
#	[at] Save Our Seabirds
#	[from] 2009-06-01 [to] 2011-12-01",1
df22ae00-76ef-36f5-b613-f2a2782abd76,5,"#
#	Gymnastic Coach
#	[at] YMCA Sarasota
#	[from] 2012-01-01 [to] 2013-06-01",1
df22ae00-76ef-36f5-b613-f2a2782abd76,6,"#
#	Veterinary Technician
#	[at] Clark Road Animal Clinic
#	[from] 2013-03-01 [to] None",1
6763ef7a-07bf-3a7d-b532-def3b915eb61,2,"#
#	Researcher
#	[at] SOUTH AFRICAN DEMOCRACY EDUCATION TRUST
#	[from] 2001-01-01 [to] 2005-12-01",3
6763ef7a-07bf-3a7d-b532-def3b915eb61,3,"#
#	Project Manager
#	[at] Robben Island Museum
#	[from] 2005-01-01 [to] 2006-12-01",3
6763ef7a-07bf-3a7d-b532-def3b915eb61,5,"#
#	lecturer
#	[at] University of Fort Hare
#	[from] 2008-07-01 [to] None",3
7472c5e5-e757-3e3d-b2db-1673f9c47449,0,"#
#	Assistant Professor
#	[at] University of Karachi
#	[from] 2013-06-01 [to] 2014-06-01",7
7472c5e5-e757-3e3d-b2db-1673f9c47449,2,"#
#	Assistant Proffesor
#	[at] University of Karachi
#	[from] 2015-07-01 [to] None",7
0605a966-fe7a-3646-8244-53ab21921674,2,"#
#	Research assistant
#	[at] University of Nice
#	[from] 2008-08-01 [to] 2008-09-01",8
0605a966-fe7a-3646-8244-53ab21921674,3,"#
#	Research assistant
#	[at] Aalborg University
#	[from] 2008-10-01 [to] 2008-10-01",8
0605a966-fe7a-3646-8244-53ab21921674,4,"#
#	PhD fellow
#	[at] Aalborg University
#	[from] 2008-11-01 [to] 2011-10-01",8
0605a966-fe7a-3646-8244-53ab21921674,6,"#
#	Research assistant
#	[at] Aalborg University
#	[from] 2011-11-01 [to] 2012-03-01",8
0605a966-fe7a-3646-8244-53ab21921674,7,"#
#	Treasurer
#	[at] Aalborg Kajakklub
#	[from] 2012-02-01 [to] None",8
0605a966-fe7a-3646-8244-53ab21921674,8,"#
#	Assistant professor
#	[at] Aalborg University
#	[from] 2012-04-01 [to] 2014-11-01",9
0605a966-fe7a-3646-8244-53ab21921674,9,"#
#	Associate Professor
#	[at] Aalborg Universitet
#	[from] 2015-12-01 [to] None",9
1f18007a-579f-3abb-8348-a9eadd55e725,2,"#
#	Researcher
#	[at] Center for Social Science Research
#	[from] 2008-11-01 [to] 2009-03-01",7
1f18007a-579f-3abb-8348-a9eadd55e725,3,"#
#	Finance and HR Officer
#	[at] Foodbank South Africa
#	[from] 2009-04-01 [to] 2010-05-01",7
1f18007a-579f-3abb-8348-a9eadd55e725,5,"#
#	Tutor
#	[at] School of Economics, University of Cape Town
#	[from] 2011-07-01 [to] 2011-11-01",7
1f18007a-579f-3abb-8348-a9eadd55e725,6,"#
#	Researcher
#	[at] Southern Africa Labour and Development Research Unit, University of Cape Town
#	[from] 2012-01-01 [to] None",7
265d46f3-4583-3e9b-adaa-0a4c2bb74131,2,"#
#	Corporate Banking Associate
#	[at] Fortis
#	[from] 2005-05-01 [to] 2006-12-01",3
265d46f3-4583-3e9b-adaa-0a4c2bb74131,3,"#
#	Market Analyst
#	[at] Procter & Gamble
#	[from] 2007-03-01 [to] 2012-05-01",3
265d46f3-4583-3e9b-adaa-0a4c2bb74131,4,"#
#	Digital Marketing Manager
#	[at] Procter & Gamble
#	[from] 2012-05-01 [to] None",3
72b6ce90-a159-3b86-9df6-9322ee992a0d,1,"#
#	Research Assistant
#	[at] The University of Tokyo
#	[from] 2011-12-01 [to] 2014-03-01",7
72b6ce90-a159-3b86-9df6-9322ee992a0d,3,"#
#	Webmaster Internship
#	[at] Google
#	[from] 2012-08-01 [to] 2012-11-01",8
72b6ce90-a159-3b86-9df6-9322ee992a0d,4,"#
#	Executive Officer
#	[at] Ohma Inc
#	[from] 2012-12-01 [to] 2014-03-01",8
72b6ce90-a159-3b86-9df6-9322ee992a0d,6,"#
#	UX Engineer
#	[at] Google
#	[from] 2014-04-01 [to] None",9
7525547e-028b-3807-bd78-9aa640f42de0,2,"#
#	Instructor, Mathematics Learning Centre
#	[at] Memorial University of Newfoundland
#	[from] 2001-01-01 [to] 2004-08-01",5
7525547e-028b-3807-bd78-9aa640f42de0,3,"#
#	Methodologist
#	[at] Newfoundland and Labrador Statistics Agency, Government of NL
#	[from] 2004-08-01 [to] 2005-05-01",8
7525547e-028b-3807-bd78-9aa640f42de0,4,"#
#	Statistician, Statistical Consulting and Survey Unit
#	[at] Newfoundland and Labrador Statistics Agency, Government of NL
#	[from] 2005-05-01 [to] 2008-01-01",8
7525547e-028b-3807-bd78-9aa640f42de0,5,"#
#	Senior Policy, Planning and Research Analyst
#	[at] Poverty Reduction Strategy, Government of NL
#	[from] 2008-01-01 [to] 2011-07-01",9
7525547e-028b-3807-bd78-9aa640f42de0,6,"#
#	Policy & Program Development Specialist
#	[at] Poverty Reduction Strategy, Government of NL
#	[from] 2011-07-01 [to] 2013-08-01",8
7525547e-028b-3807-bd78-9aa640f42de0,7,"#
#	Policy & Program Development Specialist
#	[at] Office of Climate Change and Energy Efficiency, Govt of NL
#	[from] 2014-06-01 [to] 2015-09-01",8
7525547e-028b-3807-bd78-9aa640f42de0,8,"#
#	Manager of Risk Mitigation
#	[at] Office of Climate Change and Energy Efficiency, Govt of NL
#	[from] 2015-09-01 [to] 2016-01-01",8
7525547e-028b-3807-bd78-9aa640f42de0,9,"#
#	Fiscal Policy Analyst
#	[at] Department of Finance, Govt of NL
#	[from] 2016-01-01 [to] None",8
59e39078-8012-3064-8257-aafb5887ae4e,0,"#
#	Post doc
#	[at] Rutgers University
#	[from] None [to] None",6
b4405fed-8d83-3df0-972b-71ff55834da1,1,"#
#	Analista de datos (Beca)
#	[at] Grupo Renault España
#	[from] 2005-01-01 [to] 2005-01-01",6
b4405fed-8d83-3df0-972b-71ff55834da1,2,"#
#	Analista de datos
#	[at] Telecyl
#	[from] 2006-01-01 [to] 2006-01-01",6
b4405fed-8d83-3df0-972b-71ff55834da1,3,"#
#	Técnico de control de calidad
#	[at] Tyco Microser Electronics
#	[from] 2006-01-01 [to] 2007-01-01",6
b4405fed-8d83-3df0-972b-71ff55834da1,4,"#
#	Data Analyst
#	[at] GT Motive
#	[from] 2007-01-01 [to] 2010-01-01",6
b4405fed-8d83-3df0-972b-71ff55834da1,5,"#
#	Statistics Coordinator
#	[at] GT Motive
#	[from] 2010-01-01 [to] None",6
09718f1e-8ef5-3d7e-ad51-3373bbeadb5b,1,"#
#	Corporate Compliance Intern
#	[at] KCG Holdings, Inc. (formerly Knight Capital Group)
#	[from] 2013-06-01 [to] 2013-08-01",3
09718f1e-8ef5-3d7e-ad51-3373bbeadb5b,2,"#
#	Economic Development Intern
#	[at] Hamilton Development Partners
#	[from] 2015-05-01 [to] 2015-07-01",3
09718f1e-8ef5-3d7e-ad51-3373bbeadb5b,3,"#
#	Summer Intern
#	[at] Happy Valley LaunchBox
#	[from] 2016-05-01 [to] 2016-07-01",3
09718f1e-8ef5-3d7e-ad51-3373bbeadb5b,4,"#
#	Business Transformation Consultant
#	[at] IBM
#	[from] 2017-05-01 [to] None",3
38bec4fd-6273-3f1c-bdcc-02f501215bb9,3,"#
#	Math Instructor
#	[at] Alamo Colleges
#	[from] 1993-01-01 [to] 1997-01-01",4
38bec4fd-6273-3f1c-bdcc-02f501215bb9,5,"#
#	Lead Research Analyst
#	[at] USAA
#	[from] 1998-01-01 [to] None",6
8fa2e6cd-30b7-3af8-850d-ffb307aef601,0,"#
#	Vice President, Marketing
#	[at] -
#	[from] None [to] None",2
e166637f-4c3c-3d03-8060-1a28adde7c96,3,"#
#	Vice President
#	[at] Fleishman-Hillard
#	[from] 1996-01-01 [to] 1999-01-01",2
e166637f-4c3c-3d03-8060-1a28adde7c96,4,"#
#	Senior VP
#	[at] Northlich
#	[from] 1999-01-01 [to] 2004-01-01",2
e166637f-4c3c-3d03-8060-1a28adde7c96,5,"#
#	Senior VP
#	[at] GCI Group
#	[from] 2004-01-01 [to] 2006-01-01",2
e166637f-4c3c-3d03-8060-1a28adde7c96,6,"#
#	Executive Vice President
#	[at] GolinHarris
#	[from] 2006-04-01 [to] 2015-10-01",2
e166637f-4c3c-3d03-8060-1a28adde7c96,7,"#
#	Director, Communications and Marketing
#	[at] New Oakland Family Centers
#	[from] 2014-09-01 [to] None",2
e166637f-4c3c-3d03-8060-1a28adde7c96,8,"#
#	Founder
#	[at] G Sendi Communications
#	[from] 2014-09-01 [to] None",2
2d4ba8d0-8fcd-3b9d-b1cb-95cff77e779d,2,"#
#	Scientist
#	[at] Anglo
#	[from] 2007-06-01 [to] 2010-02-01",3
919d722d-b26a-3ee2-bdfd-d7e8b0c03f22,3,"#
#	Intern
#	[at] 8.Gün Rehabilitasyon Merkezi
#	[from] 2012-09-01 [to] 2013-01-01",1
919d722d-b26a-3ee2-bdfd-d7e8b0c03f22,4,"#
#	Public Relations
#	[at] Türk Psikolojik Danışma ve Rehberlik Derneği
#	[from] 2012-09-01 [to] 2013-03-01",1
919d722d-b26a-3ee2-bdfd-d7e8b0c03f22,5,"#
#	School Counseling Intern
#	[at] Doğa Koleji
#	[from] 2014-09-01 [to] 2015-06-01",1
919d722d-b26a-3ee2-bdfd-d7e8b0c03f22,6,"#
#	Psychological Counselor
#	[at] Bahcesehir College
#	[from] 2015-12-01 [to] 2018-08-01",1
919d722d-b26a-3ee2-bdfd-d7e8b0c03f22,8,"#
#	Psychological Counselor
#	[at] Doğa Okulları
#	[from] 2018-08-01 [to] None",1
67a7bdfc-cc9a-3a63-bfc9-bd7a5a54b738,1,"#
#	Medical Laboratory Technologist
#	[at] HARAMAYA UNIVERSITY HIWOT FANA TEACHING HOSIPITAL
#	[from] 2006-08-01 [to] 2015-01-01",2
1a129a6e-3193-30f1-a5db-4246943b56a6,1,"#
#	Internal Auditor
#	[at] PING AN INSURANCE (GROUP) COMPANY OF CHINA ,LTD
#	[from] 2011-07-01 [to] 2013-05-01",4
1a129a6e-3193-30f1-a5db-4246943b56a6,2,"#
#	Assistant Manager
#	[at] Hobest Auto Power
#	[from] 2013-09-01 [to] 2015-04-01",4
1d5658e1-60a0-3145-b3c4-15ce764ff068,1,"#
#	Head Cashier
#	[at] King Ventures, LLC
#	[from] 2013-05-01 [to] 2015-05-01",2
1d5658e1-60a0-3145-b3c4-15ce764ff068,3,"#
#	-
#	[at] University of Houston Bookstore
#	[from] 2014-08-01 [to] 2014-12-01",2
1d5658e1-60a0-3145-b3c4-15ce764ff068,4,"#
#	Residential Concierge
#	[at] Executive Concierge and Parking Services
#	[from] 2015-08-01 [to] 2018-06-01",2
1d5658e1-60a0-3145-b3c4-15ce764ff068,5,"#
#	T.R.A.I.L Operations Specialist
#	[at] Shellpoint Mortgage Servicing
#	[from] 2017-06-01 [to] 2018-07-01",2
1d5658e1-60a0-3145-b3c4-15ce764ff068,6,"#
#	Quality Assurance Specialist III
#	[at] Shellpoint Mortgage Servicing
#	[from] 2018-07-01 [to] None",2
030f0fee-b375-36e1-a93e-13bcdc6a7ceb,2,"#
#	Zelfstandig medewerker
#	[at] Melkveebedrijf
#	[from] 2003-07-01 [to] 2005-01-01",1
030f0fee-b375-36e1-a93e-13bcdc6a7ceb,3,"#
#	Zelfstandig Vertegenwoordiger
#	[at] Pulinckx Pascal
#	[from] 2003-10-01 [to] 2005-08-01",1
030f0fee-b375-36e1-a93e-13bcdc6a7ceb,4,"#
#	Senior rundveespecialist
#	[at] Hendrix Haeck, a Nutreco Company
#	[from] 2005-09-01 [to] 2012-05-01",1
030f0fee-b375-36e1-a93e-13bcdc6a7ceb,7,"#
#	Owner
#	[at] 't Silsomhof
#	[from] 2010-07-01 [to] None",1
030f0fee-b375-36e1-a93e-13bcdc6a7ceb,8,"#
#	Cliëntenadviseur
#	[at] KBC Bank & Verzekering
#	[from] 2012-06-01 [to] 2015-07-01",1
05c48184-2349-32a3-81df-6bde790a894e,3,"#
#	Policy and Financial Analyst
#	[at] Nova Scotia Treasury Board Office
#	[from] 2010-04-01 [to] 2010-08-01",4
05c48184-2349-32a3-81df-6bde790a894e,4,"#
#	Policy Analyst
#	[at] Natural Resources Canada
#	[from] 2011-06-01 [to] 2014-01-01",4
05c48184-2349-32a3-81df-6bde790a894e,5,"#
#	Senior Policy Analyst
#	[at] Government of Nova Scotia
#	[from] 2014-01-01 [to] None",4
05c48184-2349-32a3-81df-6bde790a894e,6,"#
#	Municipal Advisor
#	[at] Government of Nova Scotia
#	[from] 2016-05-01 [to] None",4
bc67ff89-fbb2-3c02-8a1e-15feb39e1853,1,"#
#	Resource information Specialist
#	[at] 斯道拉恩索
#	[from] 2013-09-01 [to] 2017-02-01",2
bc67ff89-fbb2-3c02-8a1e-15feb39e1853,2,"#
#	数据分析师
#	[at] 携程旅行网
#	[from] 2017-03-01 [to] 2017-11-01",2
bc67ff89-fbb2-3c02-8a1e-15feb39e1853,3,"#
#	数据分析师
#	[at] 凡普金科
#	[from] 2017-11-01 [to] None",2
cc4e432b-ebcc-3f80-b46c-35ecbac6a180,1,"#
#	Job Shadow (Occupational Therapist)
#	[at] INSTITUTE OF MENTAL HEALTH
#	[from] 2013-06-01 [to] 2013-06-01",1
cc4e432b-ebcc-3f80-b46c-35ecbac6a180,3,"#
#	Intern
#	[at] Incontact Counselling & Training
#	[from] 2017-02-01 [to] 2017-06-01",2
cc4e432b-ebcc-3f80-b46c-35ecbac6a180,4,"#
#	Research Assistant Intern
#	[at] INSTITUTE OF MENTAL HEALTH
#	[from] 2017-03-01 [to] 2017-03-01",2
cc4e432b-ebcc-3f80-b46c-35ecbac6a180,5,"#
#	Part-Time Undergraduate Psychology Intern (Child Guidance Clinic)
#	[at] INSTITUTE OF MENTAL HEALTH
#	[from] 2017-08-01 [to] 2018-02-01",2
cc4e432b-ebcc-3f80-b46c-35ecbac6a180,6,"#
#	Case Manager
#	[at] Institute of Mental Health
#	[from] 2018-05-01 [to] None",1
8a64d054-6217-3a53-a036-ee693f8b6a8c,2,"#
#	Bank Teller
#	[at] Bantierra
#	[from] 2013-07-01 [to] 2013-09-01",1
8a64d054-6217-3a53-a036-ee693f8b6a8c,3,"#
#	Attorney trainee at law firm
#	[at] Collective law firm
#	[from] 2015-07-01 [to] 2015-07-01",1
8a64d054-6217-3a53-a036-ee693f8b6a8c,5,"#
#	Bank Teller
#	[at] Ibercaja
#	[from] 2016-07-01 [to] 2016-07-01",1
e7ebdcd4-b247-35af-8743-bcdaf528c981,0,"#
#	Telefonselger/Telemarketer
#	[at] Cyvac Norge AS
#	[from] 2008-11-01 [to] 2009-03-01",1
e7ebdcd4-b247-35af-8743-bcdaf528c981,2,"#
#	Cleaning Service
#	[at] Bergen Air AS
#	[from] 2010-09-01 [to] 2014-09-01",1
e7ebdcd4-b247-35af-8743-bcdaf528c981,3,"#
#	Part time Employee
#	[at] Toys""R""Us
#	[from] 2010-11-01 [to] None",1
e7ebdcd4-b247-35af-8743-bcdaf528c981,5,"#
#	Part time employee
#	[at] Br leker
#	[from] 2016-09-01 [to] None",1
0b1152af-9650-3120-b1d3-674bda0d16ff,1,"#
#	Superintendent
#	[at] Neste Oil
#	[from] 1994-01-01 [to] 2005-06-01",1
0b1152af-9650-3120-b1d3-674bda0d16ff,2,"#
#	Technical Manager
#	[at] Neste Oil
#	[from] 2005-06-01 [to] 2014-04-01",1
0b1152af-9650-3120-b1d3-674bda0d16ff,3,"#
#	Operative Manager
#	[at] Navidom Oy
#	[from] 2014-05-01 [to] None",1
8ea08107-f206-3431-9cfb-d62a82f38af6,2,"#
#	Undergraduate Research Assistant
#	[at] Robert H. Smith School of Business, University of Maryland
#	[from] 2014-03-01 [to] 2014-08-01",4
8ea08107-f206-3431-9cfb-d62a82f38af6,3,"#
#	Accounting intern & Marketing Research Analyst
#	[at] vibeffect
#	[from] 2014-08-01 [to] 2015-05-01",4
8ea08107-f206-3431-9cfb-d62a82f38af6,4,"#
#	Marketing Intern
#	[at] Ascend- George Washington Chapter
#	[from] 2015-06-01 [to] 2015-08-01",4
8479fc00-2164-3535-92d3-5dd0267253b7,1,"#
#	Student
#	[at] University of Toronto
#	[from] 2010-09-01 [to] None",2
8479fc00-2164-3535-92d3-5dd0267253b7,2,"#
#	Assistant & Receptionist (internship)
#	[at] BANK OF NINGBO CO.
#	[from] 2012-06-01 [to] 2012-08-01",2
8479fc00-2164-3535-92d3-5dd0267253b7,3,"#
#	Waiter
#	[at] MANDARIN RESTAURANT
#	[from] 2012-08-01 [to] 2013-08-01",2
8479fc00-2164-3535-92d3-5dd0267253b7,4,"#
#	Client Advisor
#	[at] Royal Bank of Canada
#	[from] 2016-03-01 [to] 2018-06-01",2
a5fbd26a-00cd-3734-863f-b8e3a0ebd985,0,"#
#	volunteer
#	[at] kabale district head quarters
#	[from] 2010-01-01 [to] 2010-01-01",2
2a14582d-95ad-38c6-a2f4-4a2e7494d511,3,"#
#	Research and Teaching Assistant
#	[at] Hebrew University
#	[from] 1984-01-01 [to] 1989-01-01",3
2a14582d-95ad-38c6-a2f4-4a2e7494d511,5,"#
#	Biology Teacher
#	[at] The High School adjacent to the Hebrew University
#	[from] 1992-01-01 [to] 1993-01-01",4
2a14582d-95ad-38c6-a2f4-4a2e7494d511,7,"#
#	Director, Department of Science and Technology Extracurricular Activities (Noar Shoher Mada)
#	[at] Science & Technology Administration, The Ministry of Education Culture & Sports, Israel
#	[from] 1994-01-01 [to] 2000-01-01",4
2a14582d-95ad-38c6-a2f4-4a2e7494d511,8,"#
#	Visiting Scholar
#	[at] New York Hall of Science, New York, NY, USA
#	[from] 1998-01-01 [to] 1999-01-01",4
2a14582d-95ad-38c6-a2f4-4a2e7494d511,10,"#
#	Director, Nature Campus
#	[at] Tel Aviv University
#	[from] 2000-10-01 [to] None",4
10723d7b-e119-32c6-ad6c-d47150402539,1,"#
#	3rd Officer / 4th Officer
#	[at] NSB Niederelbe Schiffahrtsgesellschaft mbH & Co. KG
#	[from] 2007-09-01 [to] 2009-10-01",2
10723d7b-e119-32c6-ad6c-d47150402539,2,"#
#	2nd Officer
#	[at] REEDEREI NSB Niederelbe Schiffahrtsgesellschaft mbH & Co. KG
#	[from] 2009-11-01 [to] 2015-02-01",2
10723d7b-e119-32c6-ad6c-d47150402539,3,"#
#	2nd Officer
#	[at] United Arab Shipping Company Ltd.
#	[from] 2015-07-01 [to] 2017-01-01",2
aeb71fb2-f53b-3fe1-8da9-4d6e18ecf5fb,1,"#
#	Departmental Assistant
#	[at] Bradley University
#	[from] 2009-08-01 [to] 2010-05-01",3
aeb71fb2-f53b-3fe1-8da9-4d6e18ecf5fb,2,"#
#	Teaching Assistant
#	[at] Bradley University
#	[from] 2010-01-01 [to] 2010-05-01",3
aeb71fb2-f53b-3fe1-8da9-4d6e18ecf5fb,4,"#
#	Legal and Government Affairs Department Intern
#	[at] Motorola Solutions
#	[from] 2010-06-01 [to] 2013-01-01",3
aeb71fb2-f53b-3fe1-8da9-4d6e18ecf5fb,5,"#
#	Webmaster
#	[at] Jaffe Center for Book Arts
#	[from] 2010-08-01 [to] 2011-12-01",3
aeb71fb2-f53b-3fe1-8da9-4d6e18ecf5fb,6,"#
#	Subject Pool Coordinator
#	[at] Florida Atlantic University
#	[from] 2011-08-01 [to] 2012-08-01",3
aeb71fb2-f53b-3fe1-8da9-4d6e18ecf5fb,7,"#
#	Adjunct Instructor
#	[at] Illinois Central College
#	[from] 2013-01-01 [to] 2013-12-01",3
aeb71fb2-f53b-3fe1-8da9-4d6e18ecf5fb,8,"#
#	Website Specialist
#	[at] Lake County
#	[from] 2014-01-01 [to] 2014-10-01",3
aeb71fb2-f53b-3fe1-8da9-4d6e18ecf5fb,10,"#
#	eCommerce Website Manager
#	[at] Overture Promotions
#	[from] 2014-10-01 [to] 2016-03-01",4
aeb71fb2-f53b-3fe1-8da9-4d6e18ecf5fb,11,"#
#	User Experience Architect, Zoro.com
#	[at] Grainger
#	[from] 2016-03-01 [to] 2017-05-01",4
aeb71fb2-f53b-3fe1-8da9-4d6e18ecf5fb,12,"#
#	User Experience Designer
#	[at] Walgreens
#	[from] 2017-05-01 [to] 2018-08-01",4
aeb71fb2-f53b-3fe1-8da9-4d6e18ecf5fb,13,"#
#	Senior User Experience Designer
#	[at] Walgreens
#	[from] 2018-08-01 [to] None",4
fc13b566-0b78-3d4e-80fb-48d1aaddedc8,2,"#
#	Veterinary Intern
#	[at] Animal Surgical & Emergency Center (ASEC)
#	[from] 2011-07-01 [to] 2012-07-01",1
fc13b566-0b78-3d4e-80fb-48d1aaddedc8,3,"#
#	Veterinarian
#	[at] The Heights Animal Hospital
#	[from] 2012-08-01 [to] 2012-10-01",1
fc13b566-0b78-3d4e-80fb-48d1aaddedc8,4,"#
#	Veterinarian
#	[at] Animal Medical Center
#	[from] 2012-10-01 [to] 2016-03-01",1
fc13b566-0b78-3d4e-80fb-48d1aaddedc8,5,"#
#	Medical Director
#	[at] VCA
#	[from] 2016-04-01 [to] 2018-04-01",1
fc13b566-0b78-3d4e-80fb-48d1aaddedc8,6,"#
#	Medical Director
#	[at] VCA
#	[from] 2018-04-01 [to] None",1
389e1563-9471-36d3-b185-15d82864fd6c,5,"#
#	Research Scientist
#	[at] Ludwig Boltzman Institute of Osteology
#	[from] 2007-10-01 [to] 2008-12-01",8
389e1563-9471-36d3-b185-15d82864fd6c,6,"#
#	Research Associate
#	[at] Flinders University
#	[from] 2009-01-01 [to] 2011-01-01",8
389e1563-9471-36d3-b185-15d82864fd6c,7,"#
#	Research Associate
#	[at] Flinders University
#	[from] 2011-04-01 [to] 2011-09-01",8
389e1563-9471-36d3-b185-15d82864fd6c,8,"#
#	Researcher
#	[at] University of California, San Diego
#	[from] 2011-10-01 [to] 2012-04-01",8
389e1563-9471-36d3-b185-15d82864fd6c,9,"#
#	Research Associate
#	[at] University of South Australia, Adelaide, Australia
#	[from] 2012-05-01 [to] 2013-02-01",8
389e1563-9471-36d3-b185-15d82864fd6c,10,"#
#	Scientific Publications Specialist
#	[at] MED-EL
#	[from] 2014-07-01 [to] 2017-03-01",8
389e1563-9471-36d3-b185-15d82864fd6c,11,"#
#	Specialist, Research and Clinical Studies
#	[at] MED-EL
#	[from] 2017-04-01 [to] None",8
389e1563-9471-36d3-b185-15d82864fd6c,12,"#
#	Manager, Research and Studies
#	[at] MED-EL
#	[from] 2017-04-01 [to] None",8
c8afb638-fae1-3ef8-b002-73603efdad94,1,"#
#	TV Buyer Assistant
#	[at] MediaCom
#	[from] 2008-06-01 [to] 2009-09-01",3
c8afb638-fae1-3ef8-b002-73603efdad94,2,"#
#	TV Buyer
#	[at] MediaCom
#	[from] 2009-09-01 [to] 2010-08-01",3
c8afb638-fae1-3ef8-b002-73603efdad94,3,"#
#	Media Planner
#	[at] OMD OM Group
#	[from] 2010-08-01 [to] 2012-04-01",3
c8afb638-fae1-3ef8-b002-73603efdad94,4,"#
#	Media Planner
#	[at] Starcom MediaVest Group
#	[from] 2012-04-01 [to] 2012-06-01",3
c8afb638-fae1-3ef8-b002-73603efdad94,5,"#
#	Media Planner
#	[at] ZenithOptimedia Group I The ROI Agency
#	[from] 2012-07-01 [to] 2013-09-01",3
c8afb638-fae1-3ef8-b002-73603efdad94,6,"#
#	Senior TV Buyer
#	[at] ZenithOptimedia Group I The ROI Agency
#	[from] 2013-09-01 [to] 2014-09-01",3
c8afb638-fae1-3ef8-b002-73603efdad94,7,"#
#	Media Manager
#	[at] Sportmaster
#	[from] 2014-09-01 [to] None",3
b1c7a6c1-fcf3-3257-89f4-743d85a9e8d9,6,"#
#	Scientist: EEG Department
#	[at] Queensland Health Department
#	[from] 1989-03-01 [to] 2002-10-01",8
b1c7a6c1-fcf3-3257-89f4-743d85a9e8d9,8,"#
#	Senior Scientist - Electrophysiology
#	[at] North Metropolitan Health Service Mental Health, WA Health.
#	[from] 2002-10-01 [to] None",9
7e8e316d-de1b-3461-ab25-dea5dc061006,1,"#
#	Assistant Lecturer
#	[at] Greater Kolkata College of Engineering and Management
#	[from] 2009-08-01 [to] 2010-11-01",7
7e8e316d-de1b-3461-ab25-dea5dc061006,3,"#
#	Junior Research Fellow
#	[at] Jadavpur University
#	[from] 2012-10-01 [to] 2013-07-01",9
7e8e316d-de1b-3461-ab25-dea5dc061006,4,"#
#	Programmer Analyst
#	[at] Cognizant Technology Solutions
#	[from] 2013-08-01 [to] 2013-10-01",9
79f1d893-920c-3e5f-86de-490d9ec868f0,5,"#
#	Post Doctoral Fellow
#	[at] DIMACS, Rutgers University
#	[from] 2001-10-01 [to] 2003-10-01",9
79f1d893-920c-3e5f-86de-490d9ec868f0,6,"#
#	Post Doctoral Researcher
#	[at] Microsoft
#	[from] 2003-01-01 [to] 2004-01-01",9
79f1d893-920c-3e5f-86de-490d9ec868f0,7,"#
#	Senior Lecturer
#	[at] Ben-Gurion University
#	[from] 2004-01-01 [to] 2012-12-01",9
79f1d893-920c-3e5f-86de-490d9ec868f0,8,"#
#	Senior Researcher
#	[at] Microsoft
#	[from] 2009-09-01 [to] 2011-08-01",9
79f1d893-920c-3e5f-86de-490d9ec868f0,9,"#
#	Visiting Senior Researcher
#	[at] Bar-Ilan University
#	[from] 2011-04-01 [to] 2012-08-01",9
79f1d893-920c-3e5f-86de-490d9ec868f0,10,"#
#	Associate Professor
#	[at] Ben-Gurion University
#	[from] 2012-04-01 [to] 2016-09-01",9
79f1d893-920c-3e5f-86de-490d9ec868f0,11,"#
#	Visiting Scholar/Visiting Professor
#	[at] Center for Research on Computation and Society @ Harvard University
#	[from] 2012-08-01 [to] 2015-01-01",9
79f1d893-920c-3e5f-86de-490d9ec868f0,12,"#
#	Visiting Scolar
#	[at] Center for Reliable Information Systems, Boston University
#	[from] 2013-09-01 [to] 2014-08-01",9
79f1d893-920c-3e5f-86de-490d9ec868f0,13,"#
#	Associate in Computer Science
#	[at] Harvard Univeristy
#	[from] 2015-01-01 [to] None",9
79f1d893-920c-3e5f-86de-490d9ec868f0,14,"#
#	Professor
#	[at] Georgetown University
#	[from] 2016-09-01 [to] None",9
ba0e8372-c950-3cd2-ab39-6d503299e564,2,"#
#	Assistant Consultant
#	[at] Executive Solutions LTD
#	[from] 2008-02-01 [to] 2010-06-01",4
ba0e8372-c950-3cd2-ab39-6d503299e564,3,"#
#	Health Management Information Systems Coordinator
#	[at] likuni hospital
#	[from] 2009-02-01 [to] 2013-08-01",5
ba0e8372-c950-3cd2-ab39-6d503299e564,4,"#
#	health management information systems coordinator
#	[at] LIKUNI HOSPITAL
#	[from] 2009-02-01 [to] 2013-08-01",5
ba0e8372-c950-3cd2-ab39-6d503299e564,6,"#
#	Monitoring and Evaluation Officer
#	[at] Maikhanda Trust
#	[from] 2013-10-01 [to] None",5
ba0e8372-c950-3cd2-ab39-6d503299e564,7,"#
#	Monotoring Evaluation Programme and Research Officer
#	[at] Jhpiego
#	[from] 2017-09-01 [to] None",6
cab86570-7628-3122-9ccb-9509b82fb938,0,"#
#	Consultant
#	[at] YA
#	[from] None [to] None",1
90b5189e-f77b-34b9-81d6-dbf946582b13,0,"#
#	Surgeon
#	[at] -
#	[from] None [to] None",1
90b5189e-f77b-34b9-81d6-dbf946582b13,2,"#
#	Intern surgeon
#	[at] Republican clinical hospital
#	[from] 2009-09-01 [to] 2010-08-01",1
8529809f-b1da-3ea0-a35f-da7ed2714f9a,0,"#
#	Postdoctoral Researcher
#	[at] Ben Gurion University of the Negev
#	[from] None [to] None",4
d6e004f7-bc0a-3d0e-9ab6-c8d199bad962,2,"#
#	Research Intern
#	[at] University of Cambridge
#	[from] 2016-09-01 [to] 2017-03-01",4
d6e004f7-bc0a-3d0e-9ab6-c8d199bad962,4,"#
#	Therapy and Research Assistant
#	[at] Barnet Enfield and Haringey Mental Health NHS Trust
#	[from] 2017-11-01 [to] 2018-09-01",4
d6e004f7-bc0a-3d0e-9ab6-c8d199bad962,5,"#
#	Assistant Psychologist
#	[at] Cambridgeshire and Peterborough NHS Foundation Trust (CPFT)
#	[from] 2019-02-01 [to] None",4
99fece83-e294-30e7-8f62-f8c3e4f0bf84,0,"#
#	Professor
#	[at] Oklahoma State University
#	[from] None [to] None",5
c0817f52-1389-3717-81f0-bf78ca34fdea,1,"#
#	Laboratory Technician
#	[at] Rochester Institute of Technology
#	[from] 2013-05-01 [to] 2013-08-01",3
c0817f52-1389-3717-81f0-bf78ca34fdea,2,"#
#	Technical Support Intern
#	[at] Seahorse Bioscience
#	[from] 2013-12-01 [to] 2014-12-01",3
c0817f52-1389-3717-81f0-bf78ca34fdea,3,"#
#	Laboratory Technician Intern
#	[at] University of Rochester
#	[from] 2015-02-01 [to] 2015-04-01",3
c0817f52-1389-3717-81f0-bf78ca34fdea,4,"#
#	Project Coordinator
#	[at] Roswell Park Cancer Institute
#	[from] 2015-05-01 [to] 2015-08-01",3
c0817f52-1389-3717-81f0-bf78ca34fdea,6,"#
#	Systems Engineer
#	[at] Medtronic
#	[from] 2017-06-01 [to] 2018-02-01",4
c0817f52-1389-3717-81f0-bf78ca34fdea,7,"#
#	Adjunct Professor
#	[at] Western New England University
#	[from] 2018-01-01 [to] None",4
c0817f52-1389-3717-81f0-bf78ca34fdea,8,"#
#	Design Verification Engineer
#	[at] Third Pole Therapeutics
#	[from] 2018-02-01 [to] None",4
506820a1-44ec-3406-bf28-699c438a4827,0,"#
#	zelfstandig ondernemer
#	[at] Veenstra Multi Tech
#	[from] 2004-12-01 [to] None",1
0345acd2-557a-3591-a045-1424499d7d67,2,"#
#	Masters Student Researcher
#	[at] Vellore Institute Of Technology
#	[from] 2012-07-01 [to] 2014-05-01",4
0345acd2-557a-3591-a045-1424499d7d67,3,"#
#	-
#	[at] Institut de Chimie de Clermont-Ferrand
#	[from] 2014-02-01 [to] 2014-06-01",4
0345acd2-557a-3591-a045-1424499d7d67,4,"#
#	Assistant Managing Editor
#	[at] Omics
#	[from] 2014-08-01 [to] 2015-08-01",4
0345acd2-557a-3591-a045-1424499d7d67,5,"#
#	Managing Editor
#	[at] Research Wallet Services Private Limited
#	[from] 2015-08-01 [to] 2016-07-01",4
0345acd2-557a-3591-a045-1424499d7d67,6,"#
#	Project Manager
#	[at] Cognizant
#	[from] 2016-07-01 [to] 2018-07-01",4
0345acd2-557a-3591-a045-1424499d7d67,7,"#
#	Project Delivery Manager
#	[at] Tech Mahindra
#	[from] 2018-07-01 [to] None",4
7af71a91-afff-353f-8d5e-de3416aac2c8,2,"#
#	Agricultural Biologist
#	[at] Merced County
#	[from] 2014-06-01 [to] None",3
207315a1-c141-3661-a704-55b8b551a650,2,"#
#	PhD Student
#	[at] University of Alberta
#	[from] 2011-09-01 [to] 2017-07-01",3
207315a1-c141-3661-a704-55b8b551a650,3,"#
#	Certified Personal Trainer
#	[at] Fit Body Boot Camp
#	[from] 2014-09-01 [to] 2016-02-01",3
207315a1-c141-3661-a704-55b8b551a650,4,"#
#	Boxer Breeder
#	[at] Anekie Boxers
#	[from] 2015-01-01 [to] None",3
207315a1-c141-3661-a704-55b8b551a650,5,"#
#	Teaching Assistant
#	[at] University of Alberta
#	[from] 2016-09-01 [to] 2016-12-01",3
207315a1-c141-3661-a704-55b8b551a650,6,"#
#	Postdoctoral Fellow
#	[at] University of Alberta
#	[from] 2017-09-01 [to] 2017-12-01",4
207315a1-c141-3661-a704-55b8b551a650,7,"#
#	Sessional Lecturer
#	[at] The King's University
#	[from] 2018-01-01 [to] 2018-04-01",4
207315a1-c141-3661-a704-55b8b551a650,8,"#
#	Adjunct Assistant Professor
#	[at] The King's University
#	[from] 2018-05-01 [to] 2018-06-01",5
207315a1-c141-3661-a704-55b8b551a650,9,"#
#	Assistant Professor of Biology
#	[at] The King's University
#	[from] 2018-07-01 [to] None",5
9d1de601-361d-31d7-a2a5-a19b108c7cc6,1,"#
#	Research Student Intern
#	[at] Texas A&M University
#	[from] 2017-02-01 [to] None",3
59efc7d4-1994-367d-ba9d-e012d090c797,2,"#
#	Kierownik projektu PRELUDIUM
#	[at] Zakład Optyki Atomowej, Uniwersytet Jagielloński
#	[from] 2013-03-01 [to] 2016-03-01",7
59efc7d4-1994-367d-ba9d-e012d090c797,3,"#
#	Staż zagraniczny
#	[at] ICFO
#	[from] 2015-10-01 [to] 2016-04-01",7
59efc7d4-1994-367d-ba9d-e012d090c797,4,"#
#	Functional HRIS Analyst
#	[at] Fizz - Excellence Cloud Center
#	[from] 2016-12-01 [to] 2018-07-01",8
59efc7d4-1994-367d-ba9d-e012d090c797,5,"#
#	Analityk danych
#	[at] PSI Polska Sp. z o.o.
#	[from] 2018-08-01 [to] None",8
2850aa46-e4f7-333d-b2f1-6e0edaf8d451,1,"#
#	Stock Assistant
#	[at] Samsung
#	[from] 2012-03-01 [to] 2013-01-01",3
2850aa46-e4f7-333d-b2f1-6e0edaf8d451,2,"#
#	Customer Service and Team Leader
#	[at] Call Center Jupiter Info Solution
#	[from] 2013-05-01 [to] 2014-01-01",3
2850aa46-e4f7-333d-b2f1-6e0edaf8d451,3,"#
#	Business Development Executive
#	[at] Lycamobile Group
#	[from] 2014-04-01 [to] 2017-01-01",3
2850aa46-e4f7-333d-b2f1-6e0edaf8d451,5,"#
#	Technical Support Associate | Brittish Telecom
#	[at] Convergys
#	[from] 2017-11-01 [to] 2018-06-01",3
2850aa46-e4f7-333d-b2f1-6e0edaf8d451,7,"#
#	Technical Support Analyst | BPS Analyst
#	[at] Accenture AI
#	[from] 2018-06-01 [to] None",3
30611b46-4bf3-3a01-8a72-44cefe7b2c41,1,"#
#	Intern
#	[at] MBI
#	[from] 2012-09-01 [to] 2014-06-01",2
30611b46-4bf3-3a01-8a72-44cefe7b2c41,3,"#
#	Liquidity Risk Advisor
#	[at] CSOB
#	[from] 2016-07-01 [to] None",3
ee346d23-30b6-31fc-8f46-38e870a77075,1,"#
#	Post-doctoral Fellow
#	[at] Université catholique de Louvain
#	[from] 2008-10-01 [to] 2012-09-01",4
ee346d23-30b6-31fc-8f46-38e870a77075,2,"#
#	Research Associate
#	[at] F.R.S - FNRS
#	[from] 2012-09-01 [to] None",4
3dfbe2ef-3bb0-323e-a597-437e86a38e47,1,"#
#	Teacher
#	[at] Lake Washington School District
#	[from] 2005-08-01 [to] 2014-01-01",1
3dfbe2ef-3bb0-323e-a597-437e86a38e47,3,"#
#	Special Education Teacher
#	[at] RIVERVIEW SCHOOL DISTRICT
#	[from] 2014-06-01 [to] None",2
7df8ed84-a66b-3336-aeff-75b33616347a,0,"#
#	Research Technologist
#	[at] Arco Oil and Gas Company
#	[from] 1973-05-01 [to] 1991-10-01",2
53aa94bb-cb7d-3153-9b23-669c8b2ea2f4,1,"#
#	Asst. Actuary I
#	[at] Independence Blue Cross
#	[from] 2013-08-01 [to] 2016-04-01",1
53aa94bb-cb7d-3153-9b23-669c8b2ea2f4,2,"#
#	Actuarial Analyst
#	[at] UnitedHealth Group
#	[from] 2016-04-01 [to] 2018-07-01",1
53aa94bb-cb7d-3153-9b23-669c8b2ea2f4,4,"#
#	Graduate Fellow
#	[at] Villanova University
#	[from] 2018-08-01 [to] None",1
54a57339-a1a9-3895-a281-70a890790281,1,"#
#	Financial Assistant
#	[at] Network Rail
#	[from] 2009-06-01 [to] 2009-07-01",2
54a57339-a1a9-3895-a281-70a890790281,2,"#
#	Clerical Assistant/Labourer
#	[at] Top Granite Marble Ltd
#	[from] 2011-06-01 [to] 2014-08-01",2
54a57339-a1a9-3895-a281-70a890790281,4,"#
#	Sales Assistant
#	[at] Sports Direct Int.
#	[from] 2012-05-01 [to] 2013-10-01",2
54a57339-a1a9-3895-a281-70a890790281,5,"#
#	Marketing Assistant Intern
#	[at] MATHS ON SCREEN LIMITED
#	[from] 2014-09-01 [to] 2015-06-01",2
54a57339-a1a9-3895-a281-70a890790281,6,"#
#	Paid Performance Executive
#	[at] Havas Media Group
#	[from] 2016-07-01 [to] 2016-08-01",3
54a57339-a1a9-3895-a281-70a890790281,7,"#
#	Forensic (eDisclosure) Assistant
#	[at] Grant Thornton UK LLP
#	[from] 2016-08-01 [to] 2018-03-01",3
54a57339-a1a9-3895-a281-70a890790281,8,"#
#	Executive
#	[at] Grant Thornton UK LLP
#	[from] 2018-04-01 [to] None",3
e12efe69-2a69-38d6-89cb-be50076ef110,0,"#
#	enseignente vacataire
#	[at] université de batna
#	[from] 2009-01-01 [to] 2012-01-01",2
e12efe69-2a69-38d6-89cb-be50076ef110,1,"#
#	enseignent e- chercheur
#	[at] université oum elbouaghi
#	[from] 2010-01-01 [to] None",2
807dc95f-07a0-387a-8f87-1d4bc1f00142,0,"#
#	Partner
#	[at] Antone Ranch
#	[from] 2008-01-01 [to] 2015-03-01",1
807dc95f-07a0-387a-8f87-1d4bc1f00142,1,"#
#	Managing Partner
#	[at] Legacy Ranches
#	[from] 2015-04-01 [to] None",1
366c5495-3550-3cc2-be02-65255090ab5c,0,"#
#	Programmer
#	[at] University of Aberdeen
#	[from] None [to] None",1
9bf6a7af-3118-350d-8258-529d064fb45b,1,"#
#	Planificador II
#	[at] Banco Industrial de Venezuela
#	[from] 2006-11-01 [to] 2010-05-01",2
9bf6a7af-3118-350d-8258-529d064fb45b,4,"#
#	Analista II de Planificaciòn
#	[at] Banplus
#	[from] 2012-02-01 [to] 2012-10-01",4
9bf6a7af-3118-350d-8258-529d064fb45b,5,"#
#	Especialista de Inteligencia de Negocios
#	[at] Bancaribe
#	[from] 2012-12-01 [to] 2017-02-01",4
9bf6a7af-3118-350d-8258-529d064fb45b,9,"#
#	Gerente de Seguimiento Comercial de Banca Internacional
#	[at] Grupo Financiero BOD
#	[from] 2017-02-01 [to] None",4
e12ee310-22b4-3145-b939-6a8350be63a9,3,"#
#	CTA
#	[at] Novo Nordisk
#	[from] 2016-02-01 [to] 2018-02-01",3
999fe5fd-366e-362a-8984-0bfc26895d9a,4,"#
#	Project Director
#	[at] ACS - Associazione di Cooperazione e Solidarietà
#	[from] 1994-01-01 [to] 1995-01-01",3
999fe5fd-366e-362a-8984-0bfc26895d9a,6,"#
#	Project Director
#	[at] Christian Aid
#	[from] 1998-01-01 [to] 1999-01-01",3
999fe5fd-366e-362a-8984-0bfc26895d9a,8,"#
#	Dean Of Faculty
#	[at] Polytecnique University of Sulaymaniyah
#	[from] 2003-01-01 [to] 2010-03-01",3
999fe5fd-366e-362a-8984-0bfc26895d9a,9,"#
#	Visiting Lecturer
#	[at] Polytecnique University of Sulaymaniyah
#	[from] 2010-01-01 [to] 2015-01-01",3
999fe5fd-366e-362a-8984-0bfc26895d9a,10,"#
#	Technical Director
#	[at] SGI Studio Galli Ingegneria S.r.l.
#	[from] 2012-01-01 [to] 2014-01-01",3
999fe5fd-366e-362a-8984-0bfc26895d9a,11,"#
#	Urban Planning Consultant
#	[at] Freelance
#	[from] 2013-01-01 [to] None",3
999fe5fd-366e-362a-8984-0bfc26895d9a,12,"#
#	Consultant
#	[at] Technology and Design Bureau
#	[from] 2014-01-01 [to] 2015-01-01",3
999fe5fd-366e-362a-8984-0bfc26895d9a,13,"#
#	Interpreter and Translator
#	[at] Freelance
#	[from] 2015-01-01 [to] 2017-01-01",3
32de34b1-2282-33b3-bcad-db96775457dc,3,"#
#	Researcher
#	[at] Bihar Renewable Energy Development Agency
#	[from] 2009-05-01 [to] 2009-07-01",3
32de34b1-2282-33b3-bcad-db96775457dc,5,"#
#	Research Internship
#	[at] State Health Society
#	[from] 2011-06-01 [to] 2011-07-01",4
32de34b1-2282-33b3-bcad-db96775457dc,6,"#
#	Junior Researcher
#	[at] Collaborative Research and Dissemination (CORD)
#	[from] 2014-09-01 [to] 2015-06-01",4
32de34b1-2282-33b3-bcad-db96775457dc,7,"#
#	Teaching Assistant
#	[at] Indian Institute of Technology, Delhi
#	[from] 2015-08-01 [to] None",4
78126289-b7f6-3cc4-9687-81d9a71a582b,3,"#
#	President
#	[at] Oceanic Research Group, Inc.
#	[from] 1990-01-01 [to] None",2
78126289-b7f6-3cc4-9687-81d9a71a582b,4,"#
#	President
#	[at] Jonathan Bird Productions
#	[from] 1995-01-01 [to] None",2
78126289-b7f6-3cc4-9687-81d9a71a582b,5,"#
#	Adjunct Professor
#	[at] New England Institute of Art
#	[from] 1998-01-01 [to] 2004-01-01",2
78126289-b7f6-3cc4-9687-81d9a71a582b,6,"#
#	Host and Producer
#	[at] Blue World TV
#	[from] 2007-01-01 [to] None",2
9e394451-5bea-38e9-89d8-433dc4fd3a07,1,"#
#	Lizard Ecology Field Technician
#	[at] Texas A&M University
#	[from] 2014-05-01 [to] 2014-08-01",1
9e394451-5bea-38e9-89d8-433dc4fd3a07,2,"#
#	-
#	[at] Texas A&M University
#	[from] 2015-05-01 [to] 2015-09-01",1
9e394451-5bea-38e9-89d8-433dc4fd3a07,3,"#
#	-
#	[at] Texas A&M NRI
#	[from] 2016-04-01 [to] 2017-12-01",1
9e394451-5bea-38e9-89d8-433dc4fd3a07,4,"#
#	MSc Student
#	[at] Texas State University
#	[from] 2018-01-01 [to] None",1
3f2ab61f-8fa3-39e6-8aec-e8fc3be40546,2,"#
#	Inplant Trainee
#	[at] HJS Condiments Limited
#	[from] 2016-11-01 [to] None",3
58b5a1d4-cd55-3d76-aecd-87f4e94cea8c,2,"#
#	Profesor particular
#	[at] CEP San Juan
#	[from] 2008-07-01 [to] 2008-08-01",3
58b5a1d4-cd55-3d76-aecd-87f4e94cea8c,4,"#
#	Investigador
#	[at] Universidad de Oviedo
#	[from] 2009-10-01 [to] 2010-12-01",5
58b5a1d4-cd55-3d76-aecd-87f4e94cea8c,5,"#
#	Becario de investigación IUTA
#	[at] Universidad de Oviedo
#	[from] 2011-02-01 [to] 2011-07-01",4
58b5a1d4-cd55-3d76-aecd-87f4e94cea8c,6,"#
#	Profesor particular
#	[at] Academia Nakis
#	[from] 2011-10-01 [to] 2012-03-01",4
58b5a1d4-cd55-3d76-aecd-87f4e94cea8c,8,"#
#	Estudiante de doctorado
#	[at] Universidad de Oviedo
#	[from] 2012-02-01 [to] 2016-10-01",5
58b5a1d4-cd55-3d76-aecd-87f4e94cea8c,9,"#
#	Becario de investigación IUTA
#	[at] Universidad de Oviedo
#	[from] 2012-03-01 [to] 2012-12-01",5
58b5a1d4-cd55-3d76-aecd-87f4e94cea8c,10,"#
#	Becario de investigación IUTA
#	[at] Universidad de Oviedo
#	[from] 2013-03-01 [to] 2013-09-01",5
58b5a1d4-cd55-3d76-aecd-87f4e94cea8c,11,"#
#	Becario de investigación IUTA
#	[at] Universidad de Oviedo
#	[from] 2014-06-01 [to] 2014-10-01",5
58b5a1d4-cd55-3d76-aecd-87f4e94cea8c,12,"#
#	Monitor infantil
#	[at] ESCIENCIA EVENTOS CIENTÍFICOS
#	[from] 2014-10-01 [to] 2014-11-01",5
58b5a1d4-cd55-3d76-aecd-87f4e94cea8c,13,"#
#	Investigador
#	[at] Universidad de Oviedo
#	[from] 2015-06-01 [to] 2015-12-01",5
58b5a1d4-cd55-3d76-aecd-87f4e94cea8c,14,"#
#	Técnico Unidad Cultura Científica y de la Innovación (UCC+i)
#	[at] Universidad de Oviedo
#	[from] 2017-09-01 [to] 2017-12-01",5
58b5a1d4-cd55-3d76-aecd-87f4e94cea8c,15,"#
#	Técnico Unidad de Comunicación Científica e Innovación
#	[at] Universidad de Oviedo
#	[from] 2017-09-01 [to] 2017-12-01",5
58b5a1d4-cd55-3d76-aecd-87f4e94cea8c,16,"#
#	Postdoctoral Scientist
#	[at] King Abdullah University of Science and Technology
#	[from] 2018-06-01 [to] None",5
33d089ff-47e2-3466-b0dd-7c5ca0400cd7,2,"#
#	Türkiye İstatistik Kurumu
#	[at] TÜİK
#	[from] 2008-06-01 [to] 2008-07-01",3
33d089ff-47e2-3466-b0dd-7c5ca0400cd7,3,"#
#	Araştırma
#	[at] EBSO
#	[from] 2008-07-01 [to] 2008-08-01",3
33d089ff-47e2-3466-b0dd-7c5ca0400cd7,5,"#
#	Tekstil
#	[at] Kipas Holding
#	[from] 2011-06-01 [to] 2012-01-01",3
33d089ff-47e2-3466-b0dd-7c5ca0400cd7,7,"#
#	Elektrik
#	[at] Akedaş
#	[from] 2013-03-01 [to] 2013-06-01",3
33d089ff-47e2-3466-b0dd-7c5ca0400cd7,9,"#
#	Yönetim Kurulu Başkanı
#	[at] İSTAR DANIŞMANLIK
#	[from] 2014-11-01 [to] None",3
e8224df4-d2b8-3383-a674-c85a59ddd41f,1,"#
#	Operations Manager / Video Controller
#	[at] Brigham Young University Broadcasting
#	[from] 2013-10-01 [to] 2017-04-01",1
e8224df4-d2b8-3383-a674-c85a59ddd41f,2,"#
#	Instructional Designer / Production Manager
#	[at] Brigham Young University Broadcasting
#	[from] 2014-05-01 [to] 2014-08-01",1
e8224df4-d2b8-3383-a674-c85a59ddd41f,4,"#
#	Graduate Assistant - PhD
#	[at] Michigan State University - The Eli Broad College of Business
#	[from] 2017-08-01 [to] None",4
1150ffa8-88f5-34f1-b59a-fe33a30f2505,0,"#
#	Director of Primary School Direct
#	[at] University of Reading, Institute of Education
#	[from] 2013-09-01 [to] None",1
d2e21df1-1aa7-3447-be7f-9f8bd8bdb3b4,1,"#
#	Master Wood Boat Craftsman -Manager - Coeur Custom Wood Boats
#	[at] Hagadone Marine Group
#	[from] 1991-03-01 [to] None",1
d1bb3546-1494-3a3b-bff0-0b4deaef94c3,3,"#
#	Deloitte Scholar Scheme
#	[at] Deloitte
#	[from] 2009-09-01 [to] 2010-04-01",3
d1bb3546-1494-3a3b-bff0-0b4deaef94c3,4,"#
#	Summer Intern
#	[at] Citi
#	[from] 2011-06-01 [to] 2011-08-01",3
d1bb3546-1494-3a3b-bff0-0b4deaef94c3,5,"#
#	Senior Associate
#	[at] Citi
#	[from] 2012-07-01 [to] 2017-03-01",3
d1bb3546-1494-3a3b-bff0-0b4deaef94c3,6,"#
#	Strategy and Analysis
#	[at] Bio-tiful Dairy Ltd
#	[from] 2017-07-01 [to] None",3
3de184b8-eefc-3b74-b4a2-3039509a4be6,1,"#
#	Разработчик интеллектуальных систем
#	[at] Odnoklassniki
#	[from] 2012-06-01 [to] None",5
f79f3e70-8a66-34d2-8e15-abf0d2aeab20,2,"#
#	Chief Engineer on board DSV/ROV 'Singapore Inspector'
#	[at] Euroflow Designs Ltd
#	[from] 2011-05-01 [to] 2012-04-01",4
f79f3e70-8a66-34d2-8e15-abf0d2aeab20,3,"#
#	Chief Engineer on board DSV ' Manta III '
#	[at] Synergy- Subsea Engineering LLC
#	[from] 2012-09-01 [to] 2013-06-01",4
f79f3e70-8a66-34d2-8e15-abf0d2aeab20,4,"#
#	Chief Engineer on board DSV 'Sea Falcon'
#	[at] OMC Ship Management LLC
#	[from] 2013-09-01 [to] None",4
31c3dc28-a8be-3005-aa99-477a086d4ac6,3,"#
#	agricultural consultant and entrepeneur
#	[at] self employed
#	[from] 1973-01-01 [to] None",1
31c3dc28-a8be-3005-aa99-477a086d4ac6,5,"#
#	ranch manager or ranch management advisor
#	[at] king ranch
#	[from] 1976-01-01 [to] 1984-01-01",1
31c3dc28-a8be-3005-aa99-477a086d4ac6,6,"#
#	CREA (farm management group) advisor, regional coordinator for CREA groups
#	[at] aacrea
#	[from] 1980-01-01 [to] 2002-01-01",1
31c3dc28-a8be-3005-aa99-477a086d4ac6,7,"#
#	Director
#	[at] INTA, Estación Experimental INTA Mercedes,Corrientes
#	[from] 1994-08-01 [to] 1997-07-01",1
31c3dc28-a8be-3005-aa99-477a086d4ac6,8,"#
#	Director
#	[at] Plan Agropecuario
#	[from] 1997-08-01 [to] 2001-05-01",1
31c3dc28-a8be-3005-aa99-477a086d4ac6,9,"#
#	copra
#	[at] production manager
#	[from] 2003-03-01 [to] 2005-03-01",1
e7fecb17-86dc-3f45-a45a-cc6ede72d4c2,2,"#
#	Associate Researcher
#	[at] Microsoft Research Asia
#	[from] 2006-01-01 [to] 2009-02-01",6
e7fecb17-86dc-3f45-a45a-cc6ede72d4c2,3,"#
#	Senior Research Engineer
#	[at] Yahoo! Beijing R&D Center
#	[from] 2009-02-01 [to] 2010-08-01",6
e7fecb17-86dc-3f45-a45a-cc6ede72d4c2,4,"#
#	Researcher, Manager
#	[at] Tencent
#	[from] 2010-08-01 [to] 2012-04-01",6
e7fecb17-86dc-3f45-a45a-cc6ede72d4c2,5,"#
#	Founder
#	[at] Ztelic Inc. VC backed startup Acquired by Yahoo
#	[from] 2012-04-01 [to] 2013-05-01",6
e7fecb17-86dc-3f45-a45a-cc6ede72d4c2,6,"#
#	CTO and Co-founder
#	[at] Bigdata01, Acquired by Renren.inc
#	[from] 2013-06-01 [to] 2014-03-01",6
e7fecb17-86dc-3f45-a45a-cc6ede72d4c2,7,"#
#	VP of engineering
#	[at] Renren
#	[from] 2014-03-01 [to] 2015-01-01",6
e7fecb17-86dc-3f45-a45a-cc6ede72d4c2,8,"#
#	CTO and Co-founder
#	[at] 36氪（36kr.com）
#	[from] 2015-01-01 [to] 2018-05-01",6
e7fecb17-86dc-3f45-a45a-cc6ede72d4c2,9,"#
#	President
#	[at] JingData, 36KR
#	[from] 2016-08-01 [to] 2018-05-01",6
e7fecb17-86dc-3f45-a45a-cc6ede72d4c2,11,"#
#	CEO
#	[at] 一览群智
#	[from] 2018-05-01 [to] None",6
8d0300b5-d8fc-3c7a-abba-4acc5ff2d396,1,"#
#	Student Assistant
#	[at] 國立政治大學
#	[from] 2010-02-01 [to] 2013-06-01",2
8d0300b5-d8fc-3c7a-abba-4acc5ff2d396,3,"#
#	Administrative Assistant
#	[at] Euler Hermes
#	[from] 2014-01-01 [to] 2014-10-01",2
8d0300b5-d8fc-3c7a-abba-4acc5ff2d396,4,"#
#	Consultant
#	[at] Deloitte
#	[from] 2015-02-01 [to] 2017-06-01",2
8d0300b5-d8fc-3c7a-abba-4acc5ff2d396,5,"#
#	Senior Consultant
#	[at] Deloitte
#	[from] 2017-07-01 [to] 2018-06-01",2
8d0300b5-d8fc-3c7a-abba-4acc5ff2d396,6,"#
#	Assistant Manager
#	[at] Deloitte
#	[from] 2018-07-01 [to] None",2
8258126f-dd07-3080-9886-1bcab3befc4d,1,"#
#	Initiator Zeilen
#	[at] Sport Vlaanderen (Voormalig Bloso)
#	[from] 2012-01-01 [to] 2015-01-01",2
8258126f-dd07-3080-9886-1bcab3befc4d,4,"#
#	Intern
#	[at] Lonza
#	[from] 2016-07-01 [to] 2016-09-01",2
a7987811-f88a-3a8a-850f-4e1bbdb2b420,0,"#
#	line operater
#	[at] Weetabix
#	[from] 2012-01-01 [to] 2013-01-01",2
a7987811-f88a-3a8a-850f-4e1bbdb2b420,1,"#
#	machine setter
#	[at] currently loking for pharmacuitcal teq op jobs
#	[from] 2012-06-01 [to] 2013-02-01",2
2bd7822e-95e2-3344-a5be-385cfc45be7b,1,"#
#	Research Assistant
#	[at] University of Alabama at Birmingham
#	[from] 2011-05-01 [to] 2011-08-01",3
2bd7822e-95e2-3344-a5be-385cfc45be7b,2,"#
#	Research Patient Assistant - Human Connectome Project
#	[at] Washington University School of Medicine
#	[from] 2012-06-01 [to] 2015-09-01",3
2bd7822e-95e2-3344-a5be-385cfc45be7b,3,"#
#	Rater 2
#	[at] Healthy Mind Lab
#	[from] 2015-09-01 [to] 2016-07-01",3
cd894072-bd44-3f53-94ab-85ce3b99ecdb,5,"#
#	Senior Technical Assistant
#	[at] Applied Management Sciences
#	[from] 1979-03-01 [to] 1983-03-01",3
cd894072-bd44-3f53-94ab-85ce3b99ecdb,6,"#
#	Data Analyst
#	[at] DUALabs
#	[from] 1983-03-01 [to] 1985-05-01",3
cd894072-bd44-3f53-94ab-85ce3b99ecdb,7,"#
#	Staff Consultant
#	[at] The Orkand Corporation
#	[from] 1985-06-01 [to] 1987-01-01",3
cd894072-bd44-3f53-94ab-85ce3b99ecdb,8,"#
#	Programmer
#	[at] Kendrick & Company
#	[from] 1987-03-01 [to] 1990-09-01",3
cd894072-bd44-3f53-94ab-85ce3b99ecdb,9,"#
#	Senior Systems Development Specialist
#	[at] Lockheed Martin
#	[from] 1990-10-01 [to] 2012-10-01",3
cd894072-bd44-3f53-94ab-85ce3b99ecdb,11,"#
#	Senior Associate
#	[at] ICF
#	[from] 2014-04-01 [to] 2017-05-01",3
d7654479-d8ab-3535-9344-fa6fdfa3aa57,0,"#
#	Public Health Epidemiologist
#	[at] Philadelphia Dept.of Public Health
#	[from] None [to] None",3
8c043cc1-e2a1-3134-8cf4-d071538b8ff6,1,"#
#	Chemical Engineering Department Office Assissant
#	[at] Lehigh University
#	[from] 2015-08-01 [to] None",3
8c043cc1-e2a1-3134-8cf4-d071538b8ff6,2,"#
#	Viral Technology Co-Op
#	[at] Sanofi Pasteur
#	[from] 2016-08-01 [to] 2017-08-01",3
8c043cc1-e2a1-3134-8cf4-d071538b8ff6,3,"#
#	Senior Process Design Project
#	[at] Lehigh University
#	[from] 2017-08-01 [to] None",3
1f92bb5f-95da-3c62-b682-d0ddf5215a30,5,"#
#	Assistant Professor of Biology
#	[at] McMurry University
#	[from] 2002-08-01 [to] 2004-05-01",5
1f92bb5f-95da-3c62-b682-d0ddf5215a30,6,"#
#	Postdoctoral Associate
#	[at] University of Massachusetts Amherst
#	[from] 2004-06-01 [to] 2005-08-01",5
1f92bb5f-95da-3c62-b682-d0ddf5215a30,7,"#
#	Postdoctoral Fellow
#	[at] Baylor College of Medicine
#	[from] 2005-09-01 [to] 2008-10-01",5
1f92bb5f-95da-3c62-b682-d0ddf5215a30,8,"#
#	Assistant Professor
#	[at] University of Nebraska-Lincoln
#	[from] 2008-11-01 [to] None",5
8f6c7766-71f2-36c3-9fa7-a662d14d2496,1,"#
#	Pit Manager
#	[at] Seminole Hard Rock Hotel & Casino Hollywood
#	[from] 2008-10-01 [to] 2017-04-01",2
8f6c7766-71f2-36c3-9fa7-a662d14d2496,2,"#
#	Prop Trader
#	[at] T3 Trading Group, LLC
#	[from] 2014-10-01 [to] 2015-02-01",2
8f6c7766-71f2-36c3-9fa7-a662d14d2496,3,"#
#	Freelance
#	[at] Upwork
#	[from] 2017-08-01 [to] None",2
8f6c7766-71f2-36c3-9fa7-a662d14d2496,4,"#
#	Prime Now Associate
#	[at] Amazon
#	[from] 2018-07-01 [to] None",2
320d892e-7520-369d-a04c-d4fc182d1103,0,"#
#	Curator
#	[at] McGuire Center, Fla. Museum of Nat. Hist., UFL
#	[from] None [to] None",5
320d892e-7520-369d-a04c-d4fc182d1103,2,"#
#	Professor Emeritus of Biology
#	[at] University of Louisville
#	[from] 1964-08-01 [to] 2004-07-01",5
320d892e-7520-369d-a04c-d4fc182d1103,3,"#
#	Curator
#	[at] McGuire Center for Lepidoptera & Biodiversity,
#	[from] 2004-07-01 [to] None",5
bc59907d-c17a-35fc-8e7f-3ad0838e822d,0,"#
#	Lecturer
#	[at] International Islamic University Malaysia
#	[from] None [to] None",3
9dd7c242-eba1-351f-b26a-918e1d6b6912,2,"#
#	Software Engineering Associate
#	[at] Accenture
#	[from] 2015-07-01 [to] 2016-11-01",4
9dd7c242-eba1-351f-b26a-918e1d6b6912,3,"#
#	Application Development Analyst
#	[at] Accenture
#	[from] 2016-12-01 [to] None",4
9dd7c242-eba1-351f-b26a-918e1d6b6912,4,"#
#	?
#	[at] ?
#	[from] 2018-12-01 [to] 2016-12-01",4
007aa87c-8d79-3b8d-8548-b1bbcade48cf,2,"#
#	Corporate Banking Intern
#	[at] Citi
#	[from] 2009-06-01 [to] 2009-08-01",4
007aa87c-8d79-3b8d-8548-b1bbcade48cf,3,"#
#	Management Consulting Intern
#	[at] Kingston Hospital NHS Foundation Trust
#	[from] 2012-02-01 [to] 2012-04-01",4
007aa87c-8d79-3b8d-8548-b1bbcade48cf,4,"#
#	Management Consulting Placement
#	[at] PriceSpective LLC
#	[from] 2012-05-01 [to] 2012-07-01",4
007aa87c-8d79-3b8d-8548-b1bbcade48cf,5,"#
#	Investment Banking
#	[at] Goldman Sachs
#	[from] 2012-06-01 [to] 2013-01-01",4
007aa87c-8d79-3b8d-8548-b1bbcade48cf,6,"#
#	Investment Banking
#	[at] UBS
#	[from] 2013-01-01 [to] 2013-07-01",4
007aa87c-8d79-3b8d-8548-b1bbcade48cf,7,"#
#	Market Research Analyst
#	[at] Bloomberg LP
#	[from] 2013-08-01 [to] 2017-03-01",4
007aa87c-8d79-3b8d-8548-b1bbcade48cf,8,"#
#	Investment Associate
#	[at] Sailing Capital
#	[from] 2017-05-01 [to] None",4
7aa6c3e3-909b-39b5-89f9-2e7b1ee3f8d2,2,"#
#	Research assistant
#	[at] Tampere University of Technology
#	[from] 2005-01-01 [to] 2007-08-01",3
7aa6c3e3-909b-39b5-89f9-2e7b1ee3f8d2,4,"#
#	Researcher, Ph.D. Student
#	[at] Tampere University of Technology
#	[from] 2007-09-01 [to] 2013-12-01",4
7aa6c3e3-909b-39b5-89f9-2e7b1ee3f8d2,5,"#
#	Visiting scientist
#	[at] Okinawa Institute of Science and Technology
#	[from] 2008-01-01 [to] 2008-04-01",4
7aa6c3e3-909b-39b5-89f9-2e7b1ee3f8d2,7,"#
#	Researcher
#	[at] Tampere University Hospital
#	[from] 2013-02-01 [to] None",4
0593b849-0f7a-30a5-8d5c-312c759f850f,0,"#
#	Researcher
#	[at] Iesp-Uerj
#	[from] 2007-01-01 [to] None",3
0593b849-0f7a-30a5-8d5c-312c759f850f,1,"#
#	Professor of Sociology
#	[at] Faculdades Integradas Helio Alonso
#	[from] 2009-03-01 [to] None",4
d2be5b5f-ad6a-3fa6-9528-8bbcf4f55b96,1,"#
#	Cashier and Hostess
#	[at] Vox Restaurant
#	[from] 2006-10-01 [to] 2009-06-01",3
d2be5b5f-ad6a-3fa6-9528-8bbcf4f55b96,2,"#
#	Lifeguard
#	[at] Bedford Hills Memorial Park
#	[from] 2007-06-01 [to] 2012-08-01",3
d2be5b5f-ad6a-3fa6-9528-8bbcf4f55b96,4,"#
#	Internship in Quality Improvement Department
#	[at] The Mount Sinai Hospital
#	[from] 2011-07-01 [to] 2011-08-01",3
d2be5b5f-ad6a-3fa6-9528-8bbcf4f55b96,6,"#
#	Assistant Director
#	[at] Bedford Hills Memorial Park
#	[from] 2013-05-01 [to] 2013-08-01",3
d2be5b5f-ad6a-3fa6-9528-8bbcf4f55b96,7,"#
#	Intern
#	[at] CHALK
#	[from] 2013-10-01 [to] 2014-08-01",3
d2be5b5f-ad6a-3fa6-9528-8bbcf4f55b96,8,"#
#	Program Coordinator, WINBACK Program
#	[at] New York Presbyterian Hospital
#	[from] 2014-08-01 [to] 2015-09-01",3
d2be5b5f-ad6a-3fa6-9528-8bbcf4f55b96,9,"#
#	Program Manager
#	[at] New York-Presbyterian Hospital
#	[from] 2015-09-01 [to] None",3
73fa66a5-8d72-312c-930a-587529430a53,2,"#
#	Head Caddiemaster
#	[at] Suur-Helsingin Golf
#	[from] 2002-05-01 [to] 2013-10-01",1
73fa66a5-8d72-312c-930a-587529430a53,3,"#
#	Salesperson
#	[at] H&M
#	[from] 2005-06-01 [to] 2009-12-01",1
73fa66a5-8d72-312c-930a-587529430a53,4,"#
#	Assistant
#	[at] SIA Home Fashion
#	[from] 2007-08-01 [to] 2014-04-01",1
73fa66a5-8d72-312c-930a-587529430a53,7,"#
#	Student
#	[at] Finnair Flight Academy
#	[from] 2012-09-01 [to] 2012-09-01",1
73fa66a5-8d72-312c-930a-587529430a53,8,"#
#	Flight Attendant
#	[at] Blue1
#	[from] 2013-07-01 [to] 2014-08-01",1
73fa66a5-8d72-312c-930a-587529430a53,9,"#
#	Purser
#	[at] Jet Time
#	[from] 2014-10-01 [to] 2017-04-01",1
73fa66a5-8d72-312c-930a-587529430a53,10,"#
#	Flight Attendant
#	[at] Finnair
#	[from] 2017-06-01 [to] None",1
cdfd0d30-9125-308f-82aa-31b11fc3c80b,2,"#
#	Captain
#	[at] Trident
#	[from] 2009-10-01 [to] 2015-04-01",1
cdfd0d30-9125-308f-82aa-31b11fc3c80b,3,"#
#	Co. captain
#	[at] Co. Captain. 86 meter.
#	[from] 2015-05-01 [to] None",1
fa8b535d-18e8-3d92-b681-1146df3ae551,1,"#
#	Project Manager
#	[at] Burke, Inc.
#	[from] 1995-06-01 [to] 1998-06-01",2
fa8b535d-18e8-3d92-b681-1146df3ae551,3,"#
#	Account Associate
#	[at] Burke, Inc.
#	[from] 1998-07-01 [to] 1999-08-01",2
fa8b535d-18e8-3d92-b681-1146df3ae551,4,"#
#	Account Executive
#	[at] Burke, Inc.
#	[from] 1999-09-01 [to] 2008-03-01",2
fa8b535d-18e8-3d92-b681-1146df3ae551,5,"#
#	Senior Vice President, Client Services Management
#	[at] Burke, Inc.
#	[from] 2008-04-01 [to] None",2
fa8b535d-18e8-3d92-b681-1146df3ae551,6,"#
#	SVP, Head of Client Services
#	[at] Burke, Inc.
#	[from] 2015-05-01 [to] None",2
e16e85a8-f02a-3d91-a094-2a3246a5f90b,1,"#
#	Ohio Union Market Crew Member
#	[at] The Ohio State University
#	[from] 2011-02-01 [to] 2011-06-01",2
e16e85a8-f02a-3d91-a094-2a3246a5f90b,2,"#
#	Undergraduate Student Assistant
#	[at] GearLab
#	[from] 2012-04-01 [to] 2015-03-01",2
e16e85a8-f02a-3d91-a094-2a3246a5f90b,3,"#
#	African Forest Intern
#	[at] Columbus Zoo and Aquarium
#	[from] 2013-03-01 [to] 2013-10-01",2
e16e85a8-f02a-3d91-a094-2a3246a5f90b,4,"#
#	Interpreter
#	[at] Columbus Zoo and Aquarium
#	[from] 2014-05-01 [to] 2017-12-01",2
e16e85a8-f02a-3d91-a094-2a3246a5f90b,6,"#
#	Guest Experience Presenter
#	[at] Columbus Zoo and Aquarium
#	[from] 2015-04-01 [to] 2017-12-01",2
e16e85a8-f02a-3d91-a094-2a3246a5f90b,7,"#
#	College of Veterinary Medicine Student Research Assistant
#	[at] The Ohio State University
#	[from] 2015-11-01 [to] 2017-08-01",2
e16e85a8-f02a-3d91-a094-2a3246a5f90b,8,"#
#	Practicum Student
#	[at] USDA-APHIS
#	[from] 2016-07-01 [to] 2016-08-01",2
e16e85a8-f02a-3d91-a094-2a3246a5f90b,9,"#
#	College of Public Health Research Associate- Interviewer
#	[at] The Ohio State University
#	[from] 2017-01-01 [to] None",2
e16e85a8-f02a-3d91-a094-2a3246a5f90b,10,"#
#	Epidemiologist
#	[at] Ohio Department of Health
#	[from] 2017-12-01 [to] None",2
f131856d-d0f4-355b-9c58-761d087376bd,2,"#
#	Research Assistant
#	[at] University of Sydney
#	[from] 2009-02-01 [to] 2009-10-01",1
f131856d-d0f4-355b-9c58-761d087376bd,3,"#
#	Research Assistant
#	[at] University of Sydney
#	[from] 2009-03-01 [to] 2009-05-01",1
f131856d-d0f4-355b-9c58-761d087376bd,4,"#
#	Research Officer
#	[at] Australian National University
#	[from] 2009-06-01 [to] 2009-08-01",1
f131856d-d0f4-355b-9c58-761d087376bd,5,"#
#	Research Assistant
#	[at] University of Sydney
#	[from] 2009-09-01 [to] 2009-12-01",1
f131856d-d0f4-355b-9c58-761d087376bd,6,"#
#	Senior Research Assistant
#	[at] Griffith University
#	[from] 2010-02-01 [to] 2010-04-01",1
f131856d-d0f4-355b-9c58-761d087376bd,7,"#
#	Research Assistant
#	[at] UTS: University of Technology, Sydney
#	[from] 2010-02-01 [to] 2010-04-01",1
f131856d-d0f4-355b-9c58-761d087376bd,8,"#
#	Research Officer
#	[at] Australian National University
#	[from] 2010-05-01 [to] 2011-09-01",1
f131856d-d0f4-355b-9c58-761d087376bd,11,"#
#	PhD Student
#	[at] Harvard University
#	[from] 2012-09-01 [to] None",3
751a514c-144f-3d6f-822f-ebc26307ba62,1,"#
#	Financial Consultant
#	[at] PRU Life UK
#	[from] 2013-09-01 [to] 2015-12-01",2
37a55c28-4030-3a09-a0d9-4a4c20df415e,1,"#
#	Professor Emeritus
#	[at] University of Northern Colorado
#	[from] 1980-08-01 [to] 2006-06-01",3
37a55c28-4030-3a09-a0d9-4a4c20df415e,2,"#
#	Principal
#	[at] J Blanden & Associates LLC
#	[from] 1998-01-01 [to] None",3
37a55c28-4030-3a09-a0d9-4a4c20df415e,3,"#
#	Associate Vice President, Administration and University Information Systems
#	[at] University of Colorado
#	[from] 2005-01-01 [to] 2011-01-01",3
