1,0,0,2,2,2,2,2,2,2,3,3,3,3,,,,,,,,,,,,,,,,
2,0,0,2,1,1,1,1,1,1,,,,,,,,,,,,,,,,,,,,
3,0,0,1,1,2,2,0,2,,,,,,,,,,,,,,,,,,,,,
4,5,0,2,0,2,,,,,,,,,,,,,,,,,,,,,,,,
5,0,1,3,4,4,4,4,4,4,1,4,4,,,,,,,,,,,,,,,,,
6,0,1,2,3,4,3,4,1,4,,,,,,,,,,,,,,,,,,,,
7,0,1,,,,,,,,,,,,,,,,,,,,,,,,,,,
8,0,2,6,4,5,3,2,,,,,,,,,,,,,,,,,,,,,,
9,6,4,3,4,4,7,5,5,3,,,,,,,,,,,,,,,,,,,,
10,0,1,6,7,6,7,8,7,6,6,6,5,,,,,,,,,,,,,,,,,
11,0,0,3,,,,,,,,,,,,,,,,,,,,,,,,,,
12,0,3,6,7,7,5,7,7,,,,,,,,,,,,,,,,,,,,,
13,0,0,,,,,,,,,,,,,,,,,,,,,,,,,,,
14,0,4,4,3,3,2,4,,,,,,,,,,,,,,,,,,,,,,
15,0,1,0,5,4,3,5,5,,,,,,,,,,,,,,,,,,,,,
16,0,0,2,1,,,,,,,,,,,,,,,,,,,,,,,,,
17,0,0,1,1,0,1,1,1,2,2,1,,,,,,,,,,,,,,,,,,
18,0,0,2,0,2,0,,,,,,,,,,,,,,,,,,,,,,,
19,0,0,1,1,1,1,1,1,1,1,1,,,,,,,,,,,,,,,,,,
20,0,0,1,1,1,0,,,,,,,,,,,,,,,,,,,,,,,
21,0,7,5,3,1,6,0,,,,,,,,,,,,,,,,,,,,,,
22,0,1,2,1,3,1,1,3,3,,,,,,,,,,,,,,,,,,,,
23,0,1,1,0,0,0,0,1,2,2,0,,,,,,,,,,,,,,,,,,
24,0,1,3,3,1,4,4,5,5,,,,,,,,,,,,,,,,,,,,
25,0,0,0,0,0,0,,,,,,,,,,,,,,,,,,,,,,,
26,0,0,1,1,1,1,1,1,1,,,,,,,,,,,,,,,,,,,,
27,0,0,2,2,1,1,1,1,3,,,,,,,,,,,,,,,,,,,,
28,0,0,1,0,1,1,1,1,,,,,,,,,,,,,,,,,,,,,
29,0,0,,,,,,,,,,,,,,,,,,,,,,,,,,,
30,0,0,3,2,2,2,,,,,,,,,,,,,,,,,,,,,,,
31,0,1,5,5,6,6,3,0,,,,,,,,,,,,,,,,,,,,,
32,0,7,5,3,2,1,4,5,,,,,,,,,,,,,,,,,,,,,
33,0,0,1,0,,,,,,,,,,,,,,,,,,,,,,,,,
34,0,0,1,0,2,2,3,1,0,1,1,1,1,,,,,,,,,,,,,,,,
35,0,1,1,1,1,1,1,,,,,,,,,,,,,,,,,,,,,,
36,0,2,1,1,2,2,1,1,1,2,1,2,2,2,2,2,,,,,,,,,,,,,
37,0,0,1,1,1,1,1,1,1,,,,,,,,,,,,,,,,,,,,
38,0,2,1,1,2,2,2,2,2,2,2,2,2,2,2,,,,,,,,,,,,,,
39,0,0,0,1,1,1,1,1,1,1,,,,,,,,,,,,,,,,,,,
40,0,1,1,0,5,0,5,0,5,6,6,,,,,,,,,,,,,,,,,,
41,0,1,4,5,5,6,0,,,,,,,,,,,,,,,,,,,,,,
42,0,2,5,6,7,7,8,0,,,,,,,,,,,,,,,,,,,,,
43,7,7,5,0,6,6,6,7,8,8,8,7,7,7,7,7,8,,,,,,,,,,,,
44,0,0,1,1,2,3,3,5,3,5,,,,,,,,,,,,,,,,,,,
45,0,0,1,1,,,,,,,,,,,,,,,,,,,,,,,,,
46,0,0,1,2,1,,,,,,,,,,,,,,,,,,,,,,,,
47,0,0,3,3,,,,,,,,,,,,,,,,,,,,,,,,,
48,5,2,1,1,2,2,2,2,,,,,,,,,,,,,,,,,,,,,
49,0,1,2,,,,,,,,,,,,,,,,,,,,,,,,,,
50,0,2,2,2,2,2,2,5,5,5,5,,,,,,,,,,,,,,,,,,
51,0,1,0,,,,,,,,,,,,,,,,,,,,,,,,,,
52,4,2,1,2,3,1,1,2,2,2,,,,,,,,,,,,,,,,,,,
53,0,0,1,0,1,,,,,,,,,,,,,,,,,,,,,,,,
54,4,1,2,2,3,1,1,1,3,3,3,3,,,,,,,,,,,,,,,,,
55,0,0,2,2,,,,,,,,,,,,,,,,,,,,,,,,,
56,0,1,,,,,,,,,,,,,,,,,,,,,,,,,,,
57,0,0,0,0,0,0,3,0,,,,,,,,,,,,,,,,,,,,,
58,0,9,3,3,2,2,4,2,5,2,,,,,,,,,,,,,,,,,,,
59,0,0,4,3,5,4,,,,,,,,,,,,,,,,,,,,,,,
60,0,0,2,1,1,,,,,,,,,,,,,,,,,,,,,,,,
61,0,0,1,1,2,1,,,,,,,,,,,,,,,,,,,,,,,
62,0,0,1,0,,,,,,,,,,,,,,,,,,,,,,,,,
63,0,2,2,2,1,1,1,,,,,,,,,,,,,,,,,,,,,,
64,0,1,1,1,1,4,1,1,,,,,,,,,,,,,,,,,,,,,
65,0,0,0,0,,,,,,,,,,,,,,,,,,,,,,,,,
66,0,0,1,1,,,,,,,,,,,,,,,,,,,,,,,,,
67,0,0,1,,,,,,,,,,,,,,,,,,,,,,,,,,
68,0,0,4,3,4,0,3,4,5,5,5,5,,,,,,,,,,,,,,,,,
69,0,1,1,2,2,1,,,,,,,,,,,,,,,,,,,,,,,
70,3,1,2,0,3,0,2,3,2,0,3,3,3,3,3,1,,,,,,,,,,,,,
71,1,1,0,1,4,4,5,6,6,5,,,,,,,,,,,,,,,,,,,
72,0,2,2,5,2,2,1,3,1,,,,,,,,,,,,,,,,,,,,
73,0,0,1,1,1,1,1,,,,,,,,,,,,,,,,,,,,,,
74,1,1,2,2,2,,,,,,,,,,,,,,,,,,,,,,,,
75,7,3,0,3,3,3,0,0,3,4,3,1,1,1,1,2,2,3,1,,,,,,,,,,
76,0,0,0,0,0,0,0,0,0,0,0,0,,,,,,,,,,,,,,,,,
77,0,0,1,1,1,2,2,,,,,,,,,,,,,,,,,,,,,,
78,0,0,1,,,,,,,,,,,,,,,,,,,,,,,,,,
79,0,0,1,,,,,,,,,,,,,,,,,,,,,,,,,,
80,0,0,1,0,4,2,2,3,4,,,,,,,,,,,,,,,,,,,,
81,0,0,0,0,,,,,,,,,,,,,,,,,,,,,,,,,
82,0,0,1,0,1,1,1,,,,,,,,,,,,,,,,,,,,,,
83,0,0,1,1,0,1,1,1,1,1,1,1,,,,,,,,,,,,,,,,,
84,0,5,6,7,8,8,9,9,9,9,9,9,9,,,,,,,,,,,,,,,,
85,0,0,5,5,5,4,4,5,6,,,,,,,,,,,,,,,,,,,,
86,0,0,0,0,2,3,2,4,0,,,,,,,,,,,,,,,,,,,,
87,0,0,1,1,0,,,,,,,,,,,,,,,,,,,,,,,,
88,0,0,2,2,2,2,2,,,,,,,,,,,,,,,,,,,,,,
89,0,5,4,0,4,0,4,5,7,7,8,9,9,8,0,,,,,,,,,,,,,,
90,0,1,3,0,,,,,,,,,,,,,,,,,,,,,,,,,
91,0,0,,,,,,,,,,,,,,,,,,,,,,,,,,,
92,0,0,3,4,0,,,,,,,,,,,,,,,,,,,,,,,,
93,0,0,3,,,,,,,,,,,,,,,,,,,,,,,,,,
94,0,2,2,2,2,2,,,,,,,,,,,,,,,,,,,,,,,
95,5,0,1,0,1,0,1,2,2,2,1,,,,,,,,,,,,,,,,,,
96,0,0,,,,,,,,,,,,,,,,,,,,,,,,,,,
97,0,7,1,1,1,1,1,,,,,,,,,,,,,,,,,,,,,,
98,0,0,1,1,1,1,,,,,,,,,,,,,,,,,,,,,,,
99,0,0,2,2,2,2,,,,,,,,,,,,,,,,,,,,,,,
100,0,2,5,6,7,8,0,,,,,,,,,,,,,,,,,,,,,,
101,0,4,1,6,4,3,4,7,7,7,7,,,,,,,,,,,,,,,,,,
102,6,2,1,5,5,8,8,7,7,7,,,,,,,,,,,,,,,,,,,
103,0,0,4,4,,,,,,,,,,,,,,,,,,,,,,,,,
104,0,1,1,1,1,3,2,3,3,2,3,3,,,,,,,,,,,,,,,,,
105,0,1,1,1,1,1,1,2,1,1,1,1,1,,,,,,,,,,,,,,,,
106,0,1,2,0,1,1,,,,,,,,,,,,,,,,,,,,,,,
107,0,1,3,4,4,3,4,4,,,,,,,,,,,,,,,,,,,,,
108,0,1,2,2,2,1,1,3,1,3,2,3,2,,,,,,,,,,,,,,,,
109,3,0,2,0,3,3,3,3,4,3,3,3,4,4,,,,,,,,,,,,,,,
110,0,0,5,3,,,,,,,,,,,,,,,,,,,,,,,,,
111,0,1,2,3,2,4,,,,,,,,,,,,,,,,,,,,,,,
112,0,3,0,0,0,2,2,2,0,4,0,3,0,2,,,,,,,,,,,,,,,
113,0,0,5,5,0,0,0,0,,,,,,,,,,,,,,,,,,,,,
114,0,0,3,0,,,,,,,,,,,,,,,,,,,,,,,,,
115,0,1,3,4,4,4,4,4,4,4,4,,,,,,,,,,,,,,,,,,
116,0,1,3,2,3,2,2,2,2,0,2,,,,,,,,,,,,,,,,,,
117,0,0,3,0,4,0,2,3,,,,,,,,,,,,,,,,,,,,,
118,0,0,3,4,3,3,6,6,5,6,,,,,,,,,,,,,,,,,,,
119,0,1,3,0,3,3,3,4,5,,,,,,,,,,,,,,,,,,,,
120,0,1,3,4,4,4,4,4,,,,,,,,,,,,,,,,,,,,,
121,0,0,2,2,,,,,,,,,,,,,,,,,,,,,,,,,
122,0,1,2,0,4,1,1,2,2,3,,,,,,,,,,,,,,,,,,,
123,0,1,3,4,3,2,3,,,,,,,,,,,,,,,,,,,,,,
124,0,0,3,,,,,,,,,,,,,,,,,,,,,,,,,,
125,0,0,3,0,,,,,,,,,,,,,,,,,,,,,,,,,
126,0,0,4,,,,,,,,,,,,,,,,,,,,,,,,,,
127,0,1,6,3,3,3,2,,,,,,,,,,,,,,,,,,,,,,
128,0,0,6,6,7,7,7,3,,,,,,,,,,,,,,,,,,,,,
129,0,4,6,0,5,5,5,,,,,,,,,,,,,,,,,,,,,,
130,4,2,4,5,0,,,,,,,,,,,,,,,,,,,,,,,,
131,0,1,1,3,2,0,2,2,2,,,,,,,,,,,,,,,,,,,,
132,0,1,1,0,0,0,0,0,0,0,0,0,0,,,,,,,,,,,,,,,,
133,0,1,1,2,,,,,,,,,,,,,,,,,,,,,,,,,
134,0,1,5,4,3,3,,,,,,,,,,,,,,,,,,,,,,,
135,0,0,2,,,,,,,,,,,,,,,,,,,,,,,,,,
136,0,0,0,0,1,1,1,,,,,,,,,,,,,,,,,,,,,,
137,0,3,3,6,6,3,2,3,3,6,,,,,,,,,,,,,,,,,,,
138,3,1,1,1,4,1,1,1,4,4,4,1,,,,,,,,,,,,,,,,,
139,0,3,2,3,3,3,2,3,4,2,2,2,2,3,3,3,,,,,,,,,,,,,
140,0,1,1,1,1,1,1,1,1,1,1,1,1,1,1,1,1,,,,,,,,,,,,
141,0,0,4,1,1,2,3,4,4,4,,,,,,,,,,,,,,,,,,,
142,0,0,1,,,,,,,,,,,,,,,,,,,,,,,,,,
143,0,1,3,4,0,4,4,3,3,,,,,,,,,,,,,,,,,,,,
144,0,1,0,0,0,,,,,,,,,,,,,,,,,,,,,,,,
145,0,3,1,5,2,6,5,5,4,4,4,,,,,,,,,,,,,,,,,,
146,0,0,1,,,,,,,,,,,,,,,,,,,,,,,,,,
147,0,0,0,5,0,0,,,,,,,,,,,,,,,,,,,,,,,
148,0,0,0,3,2,2,,,,,,,,,,,,,,,,,,,,,,,
149,0,0,0,0,0,0,0,0,0,0,0,0,0,0,0,,,,,,,,,,,,,,
150,0,1,3,0,4,,,,,,,,,,,,,,,,,,,,,,,,
151,0,1,4,2,3,5,4,4,,,,,,,,,,,,,,,,,,,,,
152,0,1,2,3,3,4,,,,,,,,,,,,,,,,,,,,,,,
153,0,2,0,0,5,2,3,4,4,3,3,3,4,4,4,,,,,,,,,,,,,,
154,0,0,3,,,,,,,,,,,,,,,,,,,,,,,,,,
155,0,1,1,1,2,,,,,,,,,,,,,,,,,,,,,,,,
156,0,0,0,1,1,1,1,2,,,,,,,,,,,,,,,,,,,,,
157,4,4,3,3,4,4,4,3,5,4,3,3,4,4,,,,,,,,,,,,,,,
158,0,0,0,,,,,,,,,,,,,,,,,,,,,,,,,,
159,0,1,1,2,3,3,3,3,3,3,3,,,,,,,,,,,,,,,,,,
160,0,0,1,1,1,,,,,,,,,,,,,,,,,,,,,,,,
161,0,0,5,4,5,,,,,,,,,,,,,,,,,,,,,,,,
162,0,1,5,3,3,6,0,,,,,,,,,,,,,,,,,,,,,,
163,0,0,,,,,,,,,,,,,,,,,,,,,,,,,,,
164,0,1,1,1,2,0,2,2,2,2,2,2,2,2,2,2,2,2,2,2,2,2,2,2,2,2,2,2,2
165,0,1,2,2,,,,,,,,,,,,,,,,,,,,,,,,,
166,0,2,0,5,3,3,4,,,,,,,,,,,,,,,,,,,,,,
167,3,4,3,0,4,4,4,4,5,5,6,3,,,,,,,,,,,,,,,,,
168,0,1,4,0,5,3,,,,,,,,,,,,,,,,,,,,,,,
169,0,1,3,0,4,,,,,,,,,,,,,,,,,,,,,,,,
170,0,2,3,3,3,1,3,2,2,,,,,,,,,,,,,,,,,,,,
171,0,1,3,2,4,3,3,4,2,3,,,,,,,,,,,,,,,,,,,
172,0,0,3,1,1,2,,,,,,,,,,,,,,,,,,,,,,,
173,0,0,1,2,3,2,2,1,1,0,,,,,,,,,,,,,,,,,,,
174,0,1,3,4,4,5,2,2,4,3,,,,,,,,,,,,,,,,,,,
175,0,0,,,,,,,,,,,,,,,,,,,,,,,,,,,
176,0,1,4,5,0,3,3,4,4,6,6,6,7,7,,,,,,,,,,,,,,,
177,0,1,5,0,,,,,,,,,,,,,,,,,,,,,,,,,
178,0,0,1,4,5,6,5,6,7,6,,,,,,,,,,,,,,,,,,,
179,0,1,4,0,5,,,,,,,,,,,,,,,,,,,,,,,,
180,0,1,1,1,4,5,5,4,4,3,0,,,,,,,,,,,,,,,,,,
181,0,0,5,,,,,,,,,,,,,,,,,,,,,,,,,,
182,0,1,2,3,2,3,,,,,,,,,,,,,,,,,,,,,,,
183,0,1,2,2,2,5,6,4,4,7,7,7,7,7,7,7,7,,,,,,,,,,,,
184,0,0,3,0,3,,,,,,,,,,,,,,,,,,,,,,,,
185,2,1,1,2,2,1,2,2,3,3,3,1,2,,,,,,,,,,,,,,,,
186,0,1,4,3,2,4,5,6,6,6,6,6,,,,,,,,,,,,,,,,,
187,0,0,1,2,,,,,,,,,,,,,,,,,,,,,,,,,
188,0,0,4,4,0,4,3,4,,,,,,,,,,,,,,,,,,,,,
189,2,1,5,0,5,0,5,4,3,7,7,,,,,,,,,,,,,,,,,,
190,0,0,2,2,,,,,,,,,,,,,,,,,,,,,,,,,
191,0,0,1,0,2,0,2,3,3,,,,,,,,,,,,,,,,,,,,
192,9,3,5,6,7,8,8,6,6,,,,,,,,,,,,,,,,,,,,
193,0,1,3,0,3,0,0,3,4,3,2,4,2,2,2,2,2,,,,,,,,,,,,
194,0,0,1,0,0,0,0,0,0,0,0,0,0,0,3,0,0,,,,,,,,,,,,
195,0,0,2,0,1,1,,,,,,,,,,,,,,,,,,,,,,,
196,5,2,0,1,3,4,4,3,4,4,5,5,,,,,,,,,,,,,,,,,
197,0,1,4,0,,,,,,,,,,,,,,,,,,,,,,,,,
198,0,3,1,1,3,1,2,4,0,1,1,0,1,3,,,,,,,,,,,,,,,
199,0,3,4,0,7,7,3,3,4,7,,,,,,,,,,,,,,,,,,,
200,0,3,4,3,,,,,,,,,,,,,,,,,,,,,,,,,
201,0,0,3,3,,,,,,,,,,,,,,,,,,,,,,,,,
202,0,4,2,3,0,3,3,4,4,5,6,6,6,7,7,8,,,,,,,,,,,,,
203,0,2,4,6,7,,,,,,,,,,,,,,,,,,,,,,,,
204,0,0,1,0,1,0,1,0,1,1,,,,,,,,,,,,,,,,,,,
205,0,3,2,4,2,3,3,4,4,,,,,,,,,,,,,,,,,,,,
206,0,0,2,2,,,,,,,,,,,,,,,,,,,,,,,,,
207,0,0,3,0,2,0,3,0,4,4,0,3,3,2,,,,,,,,,,,,,,,
208,0,0,1,1,,,,,,,,,,,,,,,,,,,,,,,,,
209,0,4,1,1,2,4,3,5,6,3,5,7,4,4,,,,,,,,,,,,,,,
210,0,2,1,0,2,2,2,2,2,2,2,2,,,,,,,,,,,,,,,,,
211,0,2,1,0,2,0,2,,,,,,,,,,,,,,,,,,,,,,
212,0,1,0,0,3,4,3,3,4,4,5,6,6,,,,,,,,,,,,,,,,
213,0,1,,,,,,,,,,,,,,,,,,,,,,,,,,,
214,0,2,3,0,2,2,,,,,,,,,,,,,,,,,,,,,,,
215,0,,3,0,4,,,,,,,,,,,,,,,,,,,,,,,,
216,0,0,,,,,,,,,,,,,,,,,,,,,,,,,,,
217,0,5,4,3,4,4,5,,,,,,,,,,,,,,,,,,,,,,
218,0,3,4,3,2,5,1,3,4,,,,,,,,,,,,,,,,,,,,
219,0,0,3,3,3,3,,,,,,,,,,,,,,,,,,,,,,,
220,0,0,2,2,2,2,2,3,,,,,,,,,,,,,,,,,,,,,
221,4,2,3,2,3,3,3,0,0,3,,,,,,,,,,,,,,,,,,,
222,0,2,6,6,7,3,0,7,,,,,,,,,,,,,,,,,,,,,
223,0,0,5,3,4,4,5,,,,,,,,,,,,,,,,,,,,,,
224,0,1,2,2,2,,,,,,,,,,,,,,,,,,,,,,,,
225,0,0,3,0,,,,,,,,,,,,,,,,,,,,,,,,,
226,4,1,3,0,4,0,5,5,5,,,,,,,,,,,,,,,,,,,,
227,0,0,3,0,2,2,2,5,3,3,3,3,,,,,,,,,,,,,,,,,
228,0,0,,,,,,,,,,,,,,,,,,,,,,,,,,,
229,0,1,1,2,0,1,,,,,,,,,,,,,,,,,,,,,,,
230,5,0,5,5,6,6,6,,,,,,,,,,,,,,,,,,,,,,
231,0,0,3,,,,,,,,,,,,,,,,,,,,,,,,,,
232,0,0,4,0,3,4,4,4,4,,,,,,,,,,,,,,,,,,,,
233,0,0,2,4,0,3,5,5,,,,,,,,,,,,,,,,,,,,,
234,0,0,,,,,,,,,,,,,,,,,,,,,,,,,,,
235,0,0,2,2,2,,,,,,,,,,,,,,,,,,,,,,,,
236,0,0,5,5,,,,,,,,,,,,,,,,,,,,,,,,,
237,0,0,1,3,3,2,,,,,,,,,,,,,,,,,,,,,,,
238,0,3,,,,,,,,,,,,,,,,,,,,,,,,,,,
239,0,3,4,5,4,6,4,6,6,4,6,6,,,,,,,,,,,,,,,,,
240,0,0,3,0,3,3,,,,,,,,,,,,,,,,,,,,,,,
241,7,0,3,2,3,1,1,1,1,1,1,1,,,,,,,,,,,,,,,,,
242,0,4,5,3,5,5,6,,,,,,,,,,,,,,,,,,,,,,
243,0,0,0,0,0,0,0,3,0,0,,,,,,,,,,,,,,,,,,,
244,0,2,1,0,1,1,2,0,,,,,,,,,,,,,,,,,,,,,
245,0,1,2,1,,,,,,,,,,,,,,,,,,,,,,,,,
246,0,3,4,5,3,3,4,5,6,6,6,1,3,3,,,,,,,,,,,,,,,
247,0,5,3,3,4,4,3,5,1,2,3,4,,,,,,,,,,,,,,,,,
248,4,0,5,5,0,6,6,6,6,6,5,,,,,,,,,,,,,,,,,,
249,0,2,3,0,3,0,3,,,,,,,,,,,,,,,,,,,,,,
250,0,2,4,4,0,5,0,5,5,5,,,,,,,,,,,,,,,,,,,
251,0,6,4,5,3,4,4,1,1,4,4,5,6,6,,,,,,,,,,,,,,,
252,0,1,1,1,2,,,,,,,,,,,,,,,,,,,,,,,,
253,0,1,2,2,3,3,3,3,2,0,,,,,,,,,,,,,,,,,,,
254,0,0,3,,,,,,,,,,,,,,,,,,,,,,,,,,
255,3,2,2,3,4,5,6,6,6,7,,,,,,,,,,,,,,,,,,,
256,0,0,,,,,,,,,,,,,,,,,,,,,,,,,,,
257,0,2,3,4,5,,,,,,,,,,,,,,,,,,,,,,,,
258,0,2,0,0,0,0,0,,,,,,,,,,,,,,,,,,,,,,
259,0,0,3,0,2,3,,,,,,,,,,,,,,,,,,,,,,,
260,0,1,1,1,2,3,3,3,,,,,,,,,,,,,,,,,,,,,
261,0,3,1,1,0,3,2,2,2,2,3,3,3,2,3,3,3,3,3,3,,,,,,,,,
262,0,0,3,0,4,0,,,,,,,,,,,,,,,,,,,,,,,
263,0,0,0,2,2,,,,,,,,,,,,,,,,,,,,,,,,
264,0,3,2,4,2,2,2,5,4,3,3,4,5,,,,,,,,,,,,,,,,
265,0,0,2,3,0,3,4,0,,,,,,,,,,,,,,,,,,,,,
266,0,2,1,0,1,2,1,1,2,2,2,3,2,,,,,,,,,,,,,,,,
267,0,0,3,4,3,3,3,4,,,,,,,,,,,,,,,,,,,,,
268,0,1,1,2,1,1,,,,,,,,,,,,,,,,,,,,,,,
269,0,1,0,0,0,0,0,0,0,,,,,,,,,,,,,,,,,,,,
270,3,2,0,3,4,4,5,5,6,6,6,7,7,7,7,,,,,,,,,,,,,,
271,0,0,3,,,,,,,,,,,,,,,,,,,,,,,,,,
272,0,0,1,,,,,,,,,,,,,,,,,,,,,,,,,,
273,0,1,3,3,4,5,0,,,,,,,,,,,,,,,,,,,,,,
274,0,6,4,3,3,3,0,4,4,4,,,,,,,,,,,,,,,,,,,
275,5,2,4,5,5,5,6,7,7,,,,,,,,,,,,,,,,,,,,
276,0,3,2,3,2,0,4,3,,,,,,,,,,,,,,,,,,,,,
277,0,3,4,5,1,0,3,4,,,,,,,,,,,,,,,,,,,,,
278,0,0,4,3,5,3,4,4,,,,,,,,,,,,,,,,,,,,,
279,0,2,1,0,1,2,3,3,4,3,3,3,4,5,,,,,,,,,,,,,,,
280,0,0,0,0,0,0,0,,,,,,,,,,,,,,,,,,,,,,
281,5,3,5,0,6,0,6,6,7,7,,,,,,,,,,,,,,,,,,,
282,0,0,3,3,3,,,,,,,,,,,,,,,,,,,,,,,,
283,0,2,1,3,,,,,,,,,,,,,,,,,,,,,,,,,
284,0,1,1,3,0,3,3,4,,,,,,,,,,,,,,,,,,,,,
285,0,1,2,2,2,3,3,1,3,1,1,1,2,3,3,3,,,,,,,,,,,,,
286,0,0,1,3,0,4,4,4,4,4,,,,,,,,,,,,,,,,,,,
287,0,0,4,2,2,2,,,,,,,,,,,,,,,,,,,,,,,
288,0,0,3,0,3,3,,,,,,,,,,,,,,,,,,,,,,,
289,0,5,3,2,0,2,4,0,,,,,,,,,,,,,,,,,,,,,
290,0,4,1,3,1,1,1,2,,,,,,,,,,,,,,,,,,,,,
291,4,3,3,4,5,0,2,3,3,5,,,,,,,,,,,,,,,,,,,
292,0,3,3,4,1,4,4,3,5,5,5,,,,,,,,,,,,,,,,,,
293,0,0,4,,,,,,,,,,,,,,,,,,,,,,,,,,
294,6,4,4,4,1,5,,,,,,,,,,,,,,,,,,,,,,,
295,0,3,3,6,6,6,7,7,5,6,7,6,8,8,,,,,,,,,,,,,,,
296,0,0,2,,,,,,,,,,,,,,,,,,,,,,,,,,
297,0,3,2,4,3,5,3,3,4,,,,,,,,,,,,,,,,,,,,
298,7,3,6,6,6,4,7,7,8,8,,,,,,,,,,,,,,,,,,,
299,0,0,2,0,2,3,3,4,5,6,3,5,7,7,4,,,,,,,,,,,,,,
300,0,4,2,2,4,4,4,5,4,5,,,,,,,,,,,,,,,,,,,
301,0,2,3,4,5,6,,,,,,,,,,,,,,,,,,,,,,,
302,0,0,4,0,3,3,2,4,4,4,,,,,,,,,,,,,,,,,,,
303,0,0,3,0,,,,,,,,,,,,,,,,,,,,,,,,,
304,0,1,1,3,0,2,1,,,,,,,,,,,,,,,,,,,,,,
305,3,2,3,0,5,5,5,5,3,5,,,,,,,,,,,,,,,,,,,
306,0,0,4,,,,,,,,,,,,,,,,,,,,,,,,,,
307,0,2,2,2,2,2,2,2,,,,,,,,,,,,,,,,,,,,,
308,0,0,3,5,,,,,,,,,,,,,,,,,,,,,,,,,
309,0,1,3,4,2,3,5,6,6,7,,,,,,,,,,,,,,,,,,,
310,0,2,4,0,3,3,,,,,,,,,,,,,,,,,,,,,,,
311,0,1,2,1,1,1,1,1,1,1,2,2,2,2,2,2,,,,,,,,,,,,,
312,0,2,0,0,0,0,0,,,,,,,,,,,,,,,,,,,,,,
313,0,0,3,3,2,2,,,,,,,,,,,,,,,,,,,,,,,
314,0,2,4,2,3,5,6,6,3,3,4,,,,,,,,,,,,,,,,,,
315,0,0,1,4,3,,,,,,,,,,,,,,,,,,,,,,,,
316,0,0,,,,,,,,,,,,,,,,,,,,,,,,,,,
317,0,2,2,0,2,1,1,0,1,1,1,1,1,4,2,2,,,,,,,,,,,,,
318,0,0,2,2,2,2,2,,,,,,,,,,,,,,,,,,,,,,
319,0,0,3,3,3,2,3,,,,,,,,,,,,,,,,,,,,,,
320,0,0,3,0,3,0,3,,,,,,,,,,,,,,,,,,,,,,
321,0,0,1,1,2,,,,,,,,,,,,,,,,,,,,,,,,
322,0,0,4,0,3,,,,,,,,,,,,,,,,,,,,,,,,
323,0,0,3,3,2,1,1,3,3,1,4,,,,,,,,,,,,,,,,,,
324,0,3,4,3,5,4,3,4,4,3,3,4,4,,,,,,,,,,,,,,,,
325,0,0,3,3,3,4,4,4,4,5,,,,,,,,,,,,,,,,,,,
326,0,0,4,0,3,2,0,,,,,,,,,,,,,,,,,,,,,,
327,0,2,1,1,2,3,3,3,3,2,3,4,,,,,,,,,,,,,,,,,
328,0,2,3,2,1,,,,,,,,,,,,,,,,,,,,,,,,
329,0,2,5,0,3,4,,,,,,,,,,,,,,,,,,,,,,,
330,0,5,0,0,0,0,0,3,4,,,,,,,,,,,,,,,,,,,,
331,0,0,3,3,3,,,,,,,,,,,,,,,,,,,,,,,,
332,0,3,4,2,2,3,3,4,2,5,,,,,,,,,,,,,,,,,,,
333,2,3,1,1,1,3,3,3,3,1,1,1,3,,,,,,,,,,,,,,,,
334,0,5,3,2,0,3,,,,,,,,,,,,,,,,,,,,,,,
335,0,2,3,3,,,,,,,,,,,,,,,,,,,,,,,,,
336,0,2,3,2,1,3,4,3,3,,,,,,,,,,,,,,,,,,,,
337,4,2,6,1,3,4,5,6,6,,,,,,,,,,,,,,,,,,,,
338,0,0,3,1,3,3,5,4,4,,,,,,,,,,,,,,,,,,,,
339,0,6,3,0,4,3,2,2,5,4,6,3,6,7,7,,,,,,,,,,,,,,
340,0,3,3,3,4,4,3,3,4,4,4,,,,,,,,,,,,,,,,,,
341,0,2,1,,,,,,,,,,,,,,,,,,,,,,,,,,
342,0,0,3,1,3,4,4,0,,,,,,,,,,,,,,,,,,,,,
343,0,1,2,2,1,1,0,2,3,3,3,3,3,,,,,,,,,,,,,,,,
344,0,0,6,,,,,,,,,,,,,,,,,,,,,,,,,,
345,0,2,4,5,5,0,5,6,3,4,5,4,4,,,,,,,,,,,,,,,,
346,0,0,,,,,,,,,,,,,,,,,,,,,,,,,,,
347,0,0,4,3,3,4,4,4,4,,,,,,,,,,,,,,,,,,,,
348,0,0,,,,,,,,,,,,,,,,,,,,,,,,,,,
349,0,1,1,1,4,4,3,2,1,1,3,4,4,,,,,,,,,,,,,,,,
350,0,2,1,4,5,5,3,6,,,,,,,,,,,,,,,,,,,,,
351,0,0,4,4,,,,,,,,,,,,,,,,,,,,,,,,,
352,0,8,4,3,2,3,2,2,3,4,3,,,,,,,,,,,,,,,,,,
353,0,0,,,,,,,,,,,,,,,,,,,,,,,,,,,
354,0,4,2,0,6,6,7,7,8,4,,,,,,,,,,,,,,,,,,,
355,0,2,5,0,7,,,,,,,,,,,,,,,,,,,,,,,,
356,0,0,4,0,4,4,4,,,,,,,,,,,,,,,,,,,,,,
357,0,2,3,0,1,1,2,1,2,2,2,,,,,,,,,,,,,,,,,,
358,0,3,3,3,3,3,3,3,,,,,,,,,,,,,,,,,,,,,
359,0,2,1,1,2,3,3,3,3,3,3,,,,,,,,,,,,,,,,,,
360,0,0,4,0,4,0,5,5,,,,,,,,,,,,,,,,,,,,,
361,0,4,1,3,2,3,3,2,3,3,4,3,,,,,,,,,,,,,,,,,
362,0,4,4,0,0,0,0,0,3,3,0,0,0,3,,,,,,,,,,,,,,,
363,0,2,2,4,6,6,7,5,,,,,,,,,,,,,,,,,,,,,
364,0,0,,,,,,,,,,,,,,,,,,,,,,,,,,,
365,0,0,5,3,5,4,5,,,,,,,,,,,,,,,,,,,,,,
366,0,2,0,0,0,0,0,0,0,0,3,,,,,,,,,,,,,,,,,,
367,0,0,3,3,5,4,0,,,,,,,,,,,,,,,,,,,,,,
368,0,0,3,3,3,,,,,,,,,,,,,,,,,,,,,,,,
369,0,4,3,3,2,4,3,4,3,2,2,2,,,,,,,,,,,,,,,,,
370,0,2,3,2,2,3,3,3,,,,,,,,,,,,,,,,,,,,,
371,3,1,2,3,2,2,2,3,2,3,2,3,4,2,2,,,,,,,,,,,,,,
372,0,1,3,2,2,1,2,3,,,,,,,,,,,,,,,,,,,,,
373,5,3,4,0,4,5,0,7,8,8,8,,,,,,,,,,,,,,,,,,
374,7,4,4,0,5,2,3,0,2,2,0,,,,,,,,,,,,,,,,,,
375,0,3,0,4,5,0,,,,,,,,,,,,,,,,,,,,,,,
376,0,0,7,0,4,6,7,5,8,6,7,,,,,,,,,,,,,,,,,,
377,0,0,3,,,,,,,,,,,,,,,,,,,,,,,,,,
378,0,1,4,3,4,5,6,5,,,,,,,,,,,,,,,,,,,,,
379,0,0,3,0,5,5,0,5,4,,,,,,,,,,,,,,,,,,,,
380,0,0,4,5,4,6,4,4,6,,,,,,,,,,,,,,,,,,,,
381,0,1,0,0,,,,,,,,,,,,,,,,,,,,,,,,,
382,0,0,4,3,4,4,4,,,,,,,,,,,,,,,,,,,,,,
383,0,1,2,2,1,2,2,,,,,,,,,,,,,,,,,,,,,,
384,0,2,2,2,,,,,,,,,,,,,,,,,,,,,,,,,
385,0,2,5,3,2,,,,,,,,,,,,,,,,,,,,,,,,
386,0,0,3,3,4,5,4,4,4,,,,,,,,,,,,,,,,,,,,
387,3,2,3,4,4,5,5,5,3,,,,,,,,,,,,,,,,,,,,
388,2,0,3,4,4,2,3,5,5,5,5,,,,,,,,,,,,,,,,,,
389,1,2,3,0,0,0,0,,,,,,,,,,,,,,,,,,,,,,
390,3,2,3,3,3,4,,,,,,,,,,,,,,,,,,,,,,,
391,0,0,3,3,3,0,3,,,,,,,,,,,,,,,,,,,,,,
392,0,4,3,3,0,,,,,,,,,,,,,,,,,,,,,,,,
393,0,2,1,3,4,3,3,3,4,,,,,,,,,,,,,,,,,,,,
394,0,0,1,,,,,,,,,,,,,,,,,,,,,,,,,,
395,0,2,3,3,3,3,,,,,,,,,,,,,,,,,,,,,,,
396,0,3,4,0,5,6,7,,,,,,,,,,,,,,,,,,,,,,
397,0,4,1,4,2,2,7,3,4,4,4,4,,,,,,,,,,,,,,,,,
398,0,4,1,3,5,6,4,4,5,5,6,,,,,,,,,,,,,,,,,,
399,0,0,,,,,,,,,,,,,,,,,,,,,,,,,,,
400,0,3,3,0,5,6,6,6,6,,,,,,,,,,,,,,,,,,,,
401,0,2,2,0,2,4,5,3,6,5,3,4,6,,,,,,,,,,,,,,,,
402,0,3,5,4,4,4,5,5,5,5,,,,,,,,,,,,,,,,,,,
403,0,0,5,,,,,,,,,,,,,,,,,,,,,,,,,,
404,0,0,3,,,,,,,,,,,,,,,,,,,,,,,,,,
405,0,2,3,1,1,1,1,1,1,1,1,1,,,,,,,,,,,,,,,,,
406,0,2,6,6,,,,,,,,,,,,,,,,,,,,,,,,,
407,0,4,4,1,3,3,5,3,3,3,4,6,5,,,,,,,,,,,,,,,,
408,0,0,3,0,4,0,5,0,,,,,,,,,,,,,,,,,,,,,
409,0,0,3,0,5,3,,,,,,,,,,,,,,,,,,,,,,,
410,0,0,4,3,1,2,3,1,,,,,,,,,,,,,,,,,,,,,
411,6,4,4,5,3,4,4,,,,,,,,,,,,,,,,,,,,,,
412,0,0,2,2,3,3,,,,,,,,,,,,,,,,,,,,,,,
413,0,2,0,0,0,0,0,0,0,,,,,,,,,,,,,,,,,,,,
414,0,2,1,0,3,3,3,0,0,0,5,0,5,3,0,,,,,,,,,,,,,,
415,0,1,1,5,6,6,3,4,5,5,5,,,,,,,,,,,,,,,,,,
416,0,1,3,4,2,2,2,2,0,3,,,,,,,,,,,,,,,,,,,
417,0,1,2,2,2,2,2,2,3,,,,,,,,,,,,,,,,,,,,
418,0,1,4,1,1,1,2,1,1,1,4,3,3,,,,,,,,,,,,,,,,
419,0,2,3,1,1,0,1,1,1,,,,,,,,,,,,,,,,,,,,
420,0,0,,,,,,,,,,,,,,,,,,,,,,,,,,,
421,0,2,3,0,1,1,0,1,,,,,,,,,,,,,,,,,,,,,
422,0,2,4,5,4,0,,,,,,,,,,,,,,,,,,,,,,,
423,3,2,3,0,4,5,3,6,7,,,,,,,,,,,,,,,,,,,,
424,0,1,3,3,3,3,3,3,3,3,3,,,,,,,,,,,,,,,,,,
425,0,0,,,,,,,,,,,,,,,,,,,,,,,,,,,
426,0,0,,,,,,,,,,,,,,,,,,,,,,,,,,,
427,0,0,1,4,2,2,1,4,4,3,3,4,3,3,,,,,,,,,,,,,,,
428,0,0,5,0,4,4,4,4,0,5,4,4,4,1,4,0,,,,,,,,,,,,,
429,0,1,3,4,3,3,3,3,,,,,,,,,,,,,,,,,,,,,
430,0,0,4,0,3,3,4,4,,,,,,,,,,,,,,,,,,,,,
431,0,0,4,2,0,,,,,,,,,,,,,,,,,,,,,,,,
432,0,0,4,3,3,5,5,,,,,,,,,,,,,,,,,,,,,,
433,0,0,6,6,,,,,,,,,,,,,,,,,,,,,,,,,
434,0,2,0,0,0,0,0,0,0,0,2,3,3,4,,,,,,,,,,,,,,,
435,0,0,,,,,,,,,,,,,,,,,,,,,,,,,,,
436,3,0,2,0,3,2,3,3,3,3,,,,,,,,,,,,,,,,,,,
437,0,0,2,0,3,4,4,0,,,,,,,,,,,,,,,,,,,,,
438,0,0,1,2,2,2,2,,,,,,,,,,,,,,,,,,,,,,
439,5,2,1,4,3,4,5,6,6,4,4,4,4,4,,,,,,,,,,,,,,,
440,0,3,0,0,0,0,0,0,0,0,,,,,,,,,,,,,,,,,,,
441,0,2,3,0,,,,,,,,,,,,,,,,,,,,,,,,,
442,0,2,1,0,0,0,,,,,,,,,,,,,,,,,,,,,,,
443,0,0,0,4,4,1,4,3,3,,,,,,,,,,,,,,,,,,,,
444,0,0,4,2,3,5,,,,,,,,,,,,,,,,,,,,,,,
445,0,2,4,3,0,5,0,,,,,,,,,,,,,,,,,,,,,,
446,1,0,1,1,0,3,1,3,1,1,1,3,3,3,3,3,3,3,3,3,3,3,3,3,3,3,3,3,
447,0,2,3,3,3,3,,,,,,,,,,,,,,,,,,,,,,,
448,0,0,4,0,4,0,4,4,4,,,,,,,,,,,,,,,,,,,,
449,0,0,1,3,7,5,6,6,6,5,,,,,,,,,,,,,,,,,,,
450,0,2,3,1,1,3,4,3,3,3,,,,,,,,,,,,,,,,,,,
451,0,0,1,0,3,0,3,3,,,,,,,,,,,,,,,,,,,,,
452,0,2,1,1,3,3,3,4,4,,,,,,,,,,,,,,,,,,,,
453,0,0,4,,,,,,,,,,,,,,,,,,,,,,,,,,
454,0,0,1,,,,,,,,,,,,,,,,,,,,,,,,,,
455,0,1,,,,,,,,,,,,,,,,,,,,,,,,,,,
456,0,0,4,4,3,0,3,4,4,4,0,4,,,,,,,,,,,,,,,,,
457,0,0,3,0,,,,,,,,,,,,,,,,,,,,,,,,,
458,0,0,4,,,,,,,,,,,,,,,,,,,,,,,,,,
459,4,2,0,0,0,0,0,0,0,0,0,0,0,0,0,0,0,0,0,,,,,,,,,,
460,0,0,5,,,,,,,,,,,,,,,,,,,,,,,,,,
461,0,0,1,,,,,,,,,,,,,,,,,,,,,,,,,,
462,0,3,,,,,,,,,,,,,,,,,,,,,,,,,,,
463,0,0,3,3,,,,,,,,,,,,,,,,,,,,,,,,,
464,0,0,2,0,,,,,,,,,,,,,,,,,,,,,,,,,
465,0,3,3,4,4,5,3,5,4,4,5,6,6,4,,,,,,,,,,,,,,,
466,0,2,1,0,3,3,3,3,3,,,,,,,,,,,,,,,,,,,,
467,5,2,2,1,3,1,2,4,3,4,4,4,4,3,,,,,,,,,,,,,,,
468,0,0,0,3,3,3,3,3,,,,,,,,,,,,,,,,,,,,,
469,0,3,1,0,4,3,,,,,,,,,,,,,,,,,,,,,,,
470,4,3,3,0,4,4,4,5,5,5,6,6,,,,,,,,,,,,,,,,,
471,0,1,4,3,,,,,,,,,,,,,,,,,,,,,,,,,
472,0,0,2,2,,,,,,,,,,,,,,,,,,,,,,,,,
473,0,0,,,,,,,,,,,,,,,,,,,,,,,,,,,
474,0,0,3,4,3,4,1,1,1,0,,,,,,,,,,,,,,,,,,,
475,0,0,1,3,1,,,,,,,,,,,,,,,,,,,,,,,,
476,0,0,3,3,,,,,,,,,,,,,,,,,,,,,,,,,
477,4,4,4,5,5,6,6,6,4,5,,,,,,,,,,,,,,,,,,,
478,0,0,3,2,2,1,3,,,,,,,,,,,,,,,,,,,,,,
479,0,0,4,3,4,4,4,4,4,,,,,,,,,,,,,,,,,,,,
480,0,2,3,0,4,4,4,4,3,3,4,,,,,,,,,,,,,,,,,,
481,5,2,5,5,0,6,0,0,0,6,,,,,,,,,,,,,,,,,,,
482,2,0,,,,,,,,,,,,,,,,,,,,,,,,,,,
483,0,4,3,4,3,2,2,2,2,2,,,,,,,,,,,,,,,,,,,
484,0,3,3,3,3,3,3,3,,,,,,,,,,,,,,,,,,,,,
485,0,0,4,3,3,,,,,,,,,,,,,,,,,,,,,,,,
486,0,0,2,5,5,,,,,,,,,,,,,,,,,,,,,,,,
487,0,1,3,4,2,4,4,5,5,3,4,5,5,4,,,,,,,,,,,,,,,
488,0,1,0,0,0,0,0,,,,,,,,,,,,,,,,,,,,,,
489,0,2,4,4,4,4,0,,,,,,,,,,,,,,,,,,,,,,
490,0,0,7,,,,,,,,,,,,,,,,,,,,,,,,,,
491,4,2,6,6,5,7,6,3,7,7,5,,,,,,,,,,,,,,,,,,
492,0,0,1,1,1,3,1,,,,,,,,,,,,,,,,,,,,,,
493,3,4,1,3,5,6,6,7,7,,,,,,,,,,,,,,,,,,,,
494,0,5,6,7,8,3,8,7,,,,,,,,,,,,,,,,,,,,,
495,0,0,1,0,,,,,,,,,,,,,,,,,,,,,,,,,
496,0,0,3,3,3,5,7,6,4,4,4,4,4,5,5,6,6,,,,,,,,,,,,
497,0,0,4,0,5,3,6,,,,,,,,,,,,,,,,,,,,,,
498,0,3,1,3,1,1,3,3,4,5,5,1,6,4,,,,,,,,,,,,,,,
499,0,2,0,0,0,0,0,0,0,,,,,,,,,,,,,,,,,,,,
500,0,2,3,2,0,4,0,3,4,3,3,,,,,,,,,,,,,,,,,,
501,0,6,5,6,6,5,,,,,,,,,,,,,,,,,,,,,,,
502,0,3,4,5,0,,,,,,,,,,,,,,,,,,,,,,,,
503,0,3,2,2,0,3,3,3,3,,,,,,,,,,,,,,,,,,,,
504,0,0,4,0,1,2,,,,,,,,,,,,,,,,,,,,,,,
505,0,0,5,3,3,5,4,2,,,,,,,,,,,,,,,,,,,,,
506,0,0,0,0,0,0,0,0,0,0,,,,,,,,,,,,,,,,,,,
507,0,4,3,3,3,4,4,4,4,4,4,4,,,,,,,,,,,,,,,,,
508,0,0,,,,,,,,,,,,,,,,,,,,,,,,,,,
509,0,4,4,3,5,5,5,,,,,,,,,,,,,,,,,,,,,,
510,0,0,1,1,,,,,,,,,,,,,,,,,,,,,,,,,
511,0,0,3,4,4,,,,,,,,,,,,,,,,,,,,,,,,
512,5,3,3,0,3,5,6,4,,,,,,,,,,,,,,,,,,,,,
513,0,2,3,0,3,3,3,3,,,,,,,,,,,,,,,,,,,,,
514,4,9,1,0,4,5,6,4,5,,,,,,,,,,,,,,,,,,,,
515,0,5,4,3,4,4,4,5,4,5,4,,,,,,,,,,,,,,,,,,
516,0,3,1,0,3,3,3,0,4,4,4,0,4,0,,,,,,,,,,,,,,,
517,0,0,3,2,0,1,3,3,4,4,,,,,,,,,,,,,,,,,,,
518,0,3,0,0,3,4,0,0,0,0,0,0,,,,,,,,,,,,,,,,,
519,0,0,3,3,3,,,,,,,,,,,,,,,,,,,,,,,,
520,0,3,1,3,4,0,,,,,,,,,,,,,,,,,,,,,,,
521,0,0,3,,,,,,,,,,,,,,,,,,,,,,,,,,
522,0,0,0,0,0,0,,,,,,,,,,,,,,,,,,,,,,,
523,3,2,1,3,4,4,5,3,4,3,3,3,,,,,,,,,,,,,,,,,
524,0,0,1,4,1,1,,,,,,,,,,,,,,,,,,,,,,,
525,5,0,1,3,4,1,5,5,6,1,1,1,1,3,,,,,,,,,,,,,,,
526,0,0,2,0,3,3,3,3,3,3,,,,,,,,,,,,,,,,,,,
527,0,0,1,3,1,3,4,3,0,,,,,,,,,,,,,,,,,,,,
528,0,3,4,4,3,0,5,0,7,4,8,,,,,,,,,,,,,,,,,,
529,0,0,3,4,5,5,5,4,0,,,,,,,,,,,,,,,,,,,,
530,0,0,3,2,,,,,,,,,,,,,,,,,,,,,,,,,
531,0,1,3,3,2,2,2,3,,,,,,,,,,,,,,,,,,,,,
532,5,3,4,5,3,3,3,4,,,,,,,,,,,,,,,,,,,,,
533,0,4,3,3,3,3,3,3,2,3,3,0,,,,,,,,,,,,,,,,,
534,0,3,3,0,3,3,3,,,,,,,,,,,,,,,,,,,,,,
535,4,4,3,4,4,3,5,5,6,4,,,,,,,,,,,,,,,,,,,
536,0,3,2,0,3,3,4,4,3,3,,,,,,,,,,,,,,,,,,,
537,0,0,3,0,3,3,2,0,3,3,3,3,3,3,3,,,,,,,,,,,,,,
538,0,0,2,0,,,,,,,,,,,,,,,,,,,,,,,,,
539,0,2,0,3,4,2,2,3,3,3,3,3,3,3,,,,,,,,,,,,,,,
540,0,3,2,2,,,,,,,,,,,,,,,,,,,,,,,,,
541,0,2,2,2,3,,,,,,,,,,,,,,,,,,,,,,,,
542,4,2,2,3,0,4,4,3,5,4,4,4,5,4,5,5,5,,,,,,,,,,,,
543,0,0,1,,,,,,,,,,,,,,,,,,,,,,,,,,
544,0,2,2,0,3,3,3,3,4,4,4,,,,,,,,,,,,,,,,,,
545,0,2,2,3,2,2,2,3,2,2,,,,,,,,,,,,,,,,,,,
546,0,0,2,,,,,,,,,,,,,,,,,,,,,,,,,,
547,0,0,2,,,,,,,,,,,,,,,,,,,,,,,,,,
548,0,2,1,2,1,2,2,,,,,,,,,,,,,,,,,,,,,,
549,0,3,2,3,3,4,4,3,4,,,,,,,,,,,,,,,,,,,,
550,0,0,1,1,1,2,1,,,,,,,,,,,,,,,,,,,,,,
551,0,0,,,,,,,,,,,,,,,,,,,,,,,,,,,
552,0,0,4,4,3,5,1,5,3,6,4,,,,,,,,,,,,,,,,,,
553,0,3,2,3,3,3,4,3,3,3,,,,,,,,,,,,,,,,,,,
554,0,0,5,,,,,,,,,,,,,,,,,,,,,,,,,,
555,0,6,4,0,4,5,3,5,4,4,5,4,5,6,,,,,,,,,,,,,,,
556,4,2,2,4,4,3,5,4,5,6,4,5,,,,,,,,,,,,,,,,,
557,0,0,2,4,5,5,,,,,,,,,,,,,,,,,,,,,,,
558,0,0,,,,,,,,,,,,,,,,,,,,,,,,,,,
559,0,2,2,0,0,2,2,2,,,,,,,,,,,,,,,,,,,,,
560,0,0,3,0,,,,,,,,,,,,,,,,,,,,,,,,,
561,0,0,5,,,,,,,,,,,,,,,,,,,,,,,,,,
562,0,5,1,1,1,4,1,1,3,4,3,,,,,,,,,,,,,,,,,,
563,0,3,3,3,3,3,4,4,4,4,,,,,,,,,,,,,,,,,,,
564,0,0,0,0,0,0,0,0,0,,,,,,,,,,,,,,,,,,,,
565,0,3,1,0,3,3,3,,,,,,,,,,,,,,,,,,,,,,
566,0,0,1,0,2,2,,,,,,,,,,,,,,,,,,,,,,,
567,0,3,2,2,3,3,3,3,3,0,3,,,,,,,,,,,,,,,,,,
568,0,0,4,5,6,7,0,4,7,,,,,,,,,,,,,,,,,,,,
569,0,0,6,,,,,,,,,,,,,,,,,,,,,,,,,,
570,0,2,3,0,6,7,,,,,,,,,,,,,,,,,,,,,,,
571,0,0,,,,,,,,,,,,,,,,,,,,,,,,,,,
572,0,2,3,0,3,3,3,,,,,,,,,,,,,,,,,,,,,,
573,0,3,3,4,4,5,0,4,5,5,6,7,,,,,,,,,,,,,,,,,
574,0,3,2,0,0,,,,,,,,,,,,,,,,,,,,,,,,
575,0,6,4,,,,,,,,,,,,,,,,,,,,,,,,,,
576,7,6,4,0,6,0,6,7,8,8,9,9,7,,,,,,,,,,,,,,,,
577,0,0,3,,,,,,,,,,,,,,,,,,,,,,,,,,
578,0,0,2,2,3,4,,,,,,,,,,,,,,,,,,,,,,,
579,0,2,1,1,1,,,,,,,,,,,,,,,,,,,,,,,,
580,4,3,2,4,4,5,5,6,6,5,5,6,6,,,,,,,,,,,,,,,,
581,0,3,6,3,6,,,,,,,,,,,,,,,,,,,,,,,,
582,0,0,4,4,0,3,,,,,,,,,,,,,,,,,,,,,,,
583,0,0,1,4,3,3,3,4,5,,,,,,,,,,,,,,,,,,,,
584,0,0,4,0,3,7,4,4,,,,,,,,,,,,,,,,,,,,,
585,0,4,3,1,3,3,3,4,,,,,,,,,,,,,,,,,,,,,
586,0,0,2,4,0,3,4,4,4,4,4,,,,,,,,,,,,,,,,,,
587,1,4,2,3,4,,,,,,,,,,,,,,,,,,,,,,,,
588,0,3,2,2,4,4,4,4,4,3,,,,,,,,,,,,,,,,,,,
589,0,4,3,2,2,0,2,2,,,,,,,,,,,,,,,,,,,,,
590,0,3,3,3,3,3,3,3,,,,,,,,,,,,,,,,,,,,,
591,0,5,2,2,4,6,,,,,,,,,,,,,,,,,,,,,,,
592,0,0,1,2,2,1,,,,,,,,,,,,,,,,,,,,,,,
593,0,4,4,3,5,5,,,,,,,,,,,,,,,,,,,,,,,
594,0,0,4,,,,,,,,,,,,,,,,,,,,,,,,,,
595,0,0,4,4,0,4,,,,,,,,,,,,,,,,,,,,,,,
596,0,1,2,0,2,,,,,,,,,,,,,,,,,,,,,,,,
597,0,1,5,4,6,7,6,5,3,4,,,,,,,,,,,,,,,,,,,
598,0,3,2,3,0,4,3,3,3,3,3,3,,,,,,,,,,,,,,,,,
599,0,0,2,2,0,,,,,,,,,,,,,,,,,,,,,,,,
600,0,5,4,3,5,3,4,4,5,,,,,,,,,,,,,,,,,,,,
601,0,0,2,,,,,,,,,,,,,,,,,,,,,,,,,,
602,0,0,3,0,3,3,3,3,3,0,,,,,,,,,,,,,,,,,,,
603,0,2,1,4,5,5,6,0,,,,,,,,,,,,,,,,,,,,,
604,0,2,1,2,0,2,2,3,3,,,,,,,,,,,,,,,,,,,,
605,6,3,0,0,0,0,0,4,3,,,,,,,,,,,,,,,,,,,,
606,0,1,2,0,2,2,0,2,0,0,0,1,1,2,2,0,1,,,,,,,,,,,,
607,0,2,1,3,1,3,,,,,,,,,,,,,,,,,,,,,,,
608,0,3,1,2,2,,,,,,,,,,,,,,,,,,,,,,,,
609,0,4,4,4,4,5,5,,,,,,,,,,,,,,,,,,,,,,
610,0,2,3,3,3,4,3,3,3,,,,,,,,,,,,,,,,,,,,
611,0,2,3,6,6,7,,,,,,,,,,,,,,,,,,,,,,,
612,0,0,4,5,0,4,,,,,,,,,,,,,,,,,,,,,,,
613,3,2,4,0,6,7,5,6,8,9,,,,,,,,,,,,,,,,,,,
614,0,2,2,3,0,3,2,4,,,,,,,,,,,,,,,,,,,,,
615,0,0,5,0,3,,,,,,,,,,,,,,,,,,,,,,,,
616,0,2,1,1,2,0,4,5,3,,,,,,,,,,,,,,,,,,,,
617,0,2,3,3,3,3,0,,,,,,,,,,,,,,,,,,,,,,
618,0,0,1,0,4,5,5,,,,,,,,,,,,,,,,,,,,,,
619,0,2,3,2,2,2,0,,,,,,,,,,,,,,,,,,,,,,
620,0,0,4,,,,,,,,,,,,,,,,,,,,,,,,,,
621,5,5,1,1,3,1,1,3,3,3,4,4,,,,,,,,,,,,,,,,,
622,0,0,1,0,,,,,,,,,,,,,,,,,,,,,,,,,
623,0,0,2,1,,,,,,,,,,,,,,,,,,,,,,,,,
624,0,2,1,2,2,2,2,2,2,1,2,2,2,2,,,,,,,,,,,,,,,
625,0,0,2,,,,,,,,,,,,,,,,,,,,,,,,,,
626,0,0,,,,,,,,,,,,,,,,,,,,,,,,,,,
627,0,0,2,0,3,,,,,,,,,,,,,,,,,,,,,,,,
628,0,1,2,3,3,3,3,,,,,,,,,,,,,,,,,,,,,,
629,0,0,4,4,,,,,,,,,,,,,,,,,,,,,,,,,
630,0,3,3,0,5,5,3,,,,,,,,,,,,,,,,,,,,,,
631,0,4,4,6,6,7,8,7,3,7,3,7,7,,,,,,,,,,,,,,,,
632,0,0,2,3,3,,,,,,,,,,,,,,,,,,,,,,,,
633,0,2,1,3,3,3,3,3,3,3,3,4,3,,,,,,,,,,,,,,,,
634,0,3,4,0,6,0,7,6,,,,,,,,,,,,,,,,,,,,,
635,0,2,2,4,4,0,4,4,4,4,,,,,,,,,,,,,,,,,,,
636,0,0,2,2,0,2,,,,,,,,,,,,,,,,,,,,,,,
637,0,2,3,2,0,3,3,3,,,,,,,,,,,,,,,,,,,,,
638,0,0,5,,,,,,,,,,,,,,,,,,,,,,,,,,
639,0,2,2,2,3,3,4,4,,,,,,,,,,,,,,,,,,,,,
640,0,3,0,0,0,0,0,,,,,,,,,,,,,,,,,,,,,,
641,0,3,4,3,3,0,3,,,,,,,,,,,,,,,,,,,,,,
642,0,0,1,4,0,3,,,,,,,,,,,,,,,,,,,,,,,
643,0,3,4,3,3,3,5,4,3,4,4,,,,,,,,,,,,,,,,,,
644,0,2,2,0,0,0,0,,,,,,,,,,,,,,,,,,,,,,
645,0,0,0,0,0,0,,,,,,,,,,,,,,,,,,,,,,,
646,0,2,3,0,4,5,5,5,5,,,,,,,,,,,,,,,,,,,,
647,0,3,3,3,3,4,3,4,3,4,4,,,,,,,,,,,,,,,,,,
648,0,2,4,3,5,4,4,6,4,6,5,5,6,,,,,,,,,,,,,,,,
649,6,3,5,6,5,6,7,5,7,4,4,,,,,,,,,,,,,,,,,,
650,0,0,1,1,3,2,3,3,3,3,,,,,,,,,,,,,,,,,,,
651,0,2,2,0,3,4,3,5,5,3,0,3,3,3,,,,,,,,,,,,,,,
652,0,2,4,4,4,4,4,0,,,,,,,,,,,,,,,,,,,,,
653,0,5,4,3,3,5,5,5,5,,,,,,,,,,,,,,,,,,,,
654,0,3,2,2,4,3,7,4,3,3,5,4,,,,,,,,,,,,,,,,,
655,0,3,3,5,6,0,6,3,0,,,,,,,,,,,,,,,,,,,,
656,0,0,3,3,3,2,3,,,,,,,,,,,,,,,,,,,,,,
657,0,2,2,,,,,,,,,,,,,,,,,,,,,,,,,,
658,0,4,2,4,4,4,5,5,5,6,6,,,,,,,,,,,,,,,,,,
659,0,2,3,2,2,2,2,3,3,2,,,,,,,,,,,,,,,,,,,
660,2,0,,,,,,,,,,,,,,,,,,,,,,,,,,,
661,0,0,4,0,3,3,3,4,,,,,,,,,,,,,,,,,,,,,
662,8,2,4,4,6,6,7,,,,,,,,,,,,,,,,,,,,,,
663,0,0,0,0,0,0,0,0,,,,,,,,,,,,,,,,,,,,,
664,6,3,4,0,3,5,0,6,5,,,,,,,,,,,,,,,,,,,,
665,0,3,3,3,1,3,3,,,,,,,,,,,,,,,,,,,,,,
666,5,2,3,3,4,4,,,,,,,,,,,,,,,,,,,,,,,
667,3,0,,,,,,,,,,,,,,,,,,,,,,,,,,,
668,0,4,3,3,,,,,,,,,,,,,,,,,,,,,,,,,
669,0,4,3,4,6,6,4,2,,,,,,,,,,,,,,,,,,,,,
670,0,2,4,3,4,6,5,3,,,,,,,,,,,,,,,,,,,,,
671,0,2,,,,,,,,,,,,,,,,,,,,,,,,,,,
672,0,2,2,2,2,2,2,,,,,,,,,,,,,,,,,,,,,,
673,0,2,4,2,3,2,3,2,2,2,,,,,,,,,,,,,,,,,,,
674,0,2,2,4,5,3,3,6,5,3,4,4,,,,,,,,,,,,,,,,,
675,0,0,5,0,2,2,,,,,,,,,,,,,,,,,,,,,,,
676,5,5,0,0,0,0,0,6,0,5,5,5,,,,,,,,,,,,,,,,,
677,4,3,5,3,3,3,3,,,,,,,,,,,,,,,,,,,,,,
678,0,3,3,3,0,4,0,0,,,,,,,,,,,,,,,,,,,,,
679,0,3,4,2,,,,,,,,,,,,,,,,,,,,,,,,,
680,0,6,4,5,4,4,4,5,5,5,6,6,6,7,,,,,,,,,,,,,,,
681,0,2,2,2,2,2,2,2,2,2,2,2,2,2,2,2,,,,,,,,,,,,,
682,0,2,1,2,2,2,3,,,,,,,,,,,,,,,,,,,,,,
683,3,2,1,0,3,3,3,3,2,,,,,,,,,,,,,,,,,,,,
684,0,0,2,2,3,3,3,3,0,,,,,,,,,,,,,,,,,,,,
685,0,0,4,3,1,4,4,,,,,,,,,,,,,,,,,,,,,,
686,0,0,3,2,2,,,,,,,,,,,,,,,,,,,,,,,,
687,0,2,4,3,3,3,5,,,,,,,,,,,,,,,,,,,,,,
688,0,0,3,0,2,4,3,3,3,3,3,,,,,,,,,,,,,,,,,,
689,0,0,3,4,5,4,4,,,,,,,,,,,,,,,,,,,,,,
690,0,6,4,5,4,4,4,5,6,5,5,6,7,7,,,,,,,,,,,,,,,
691,0,4,3,3,3,,,,,,,,,,,,,,,,,,,,,,,,
692,0,0,,,,,,,,,,,,,,,,,,,,,,,,,,,
693,0,0,,,,,,,,,,,,,,,,,,,,,,,,,,,
694,0,3,2,1,2,7,7,8,9,8,,,,,,,,,,,,,,,,,,,
695,3,3,3,3,4,3,5,5,4,5,5,,,,,,,,,,,,,,,,,,
696,0,3,5,,,,,,,,,,,,,,,,,,,,,,,,,,
697,0,2,0,3,0,0,0,0,0,,,,,,,,,,,,,,,,,,,,
698,0,3,2,1,2,3,4,0,3,3,3,3,3,3,3,,,,,,,,,,,,,,
699,0,2,1,0,3,0,3,0,3,0,3,3,3,3,,,,,,,,,,,,,,,
700,3,3,4,3,5,0,4,3,4,6,6,6,7,7,,,,,,,,,,,,,,,
701,0,0,2,1,3,3,3,,,,,,,,,,,,,,,,,,,,,,
702,0,0,4,3,5,0,5,0,,,,,,,,,,,,,,,,,,,,,
703,0,0,4,4,,,,,,,,,,,,,,,,,,,,,,,,,
704,5,2,3,4,0,3,4,,,,,,,,,,,,,,,,,,,,,,
705,0,0,3,3,4,2,4,5,3,4,0,,,,,,,,,,,,,,,,,,
706,0,2,3,4,3,5,5,5,5,5,5,4,,,,,,,,,,,,,,,,,
707,0,2,3,1,4,3,3,4,0,3,0,3,4,4,3,4,,,,,,,,,,,,,
708,0,0,1,2,3,3,4,0,,,,,,,,,,,,,,,,,,,,,
709,0,2,3,3,3,3,3,3,3,3,3,3,,,,,,,,,,,,,,,,,
710,0,3,3,0,0,0,0,0,0,0,0,0,0,,,,,,,,,,,,,,,,
711,0,2,0,0,4,0,0,0,0,,,,,,,,,,,,,,,,,,,,
712,0,2,4,5,0,3,3,4,4,,,,,,,,,,,,,,,,,,,,
713,0,0,1,0,2,2,,,,,,,,,,,,,,,,,,,,,,,
714,0,2,4,3,,,,,,,,,,,,,,,,,,,,,,,,,
715,0,2,4,0,3,,,,,,,,,,,,,,,,,,,,,,,,
716,0,0,0,0,0,,,,,,,,,,,,,,,,,,,,,,,,
717,0,4,4,5,5,6,7,6,4,4,6,5,6,,,,,,,,,,,,,,,,
718,0,3,4,4,3,3,4,3,1,1,1,2,,,,,,,,,,,,,,,,,
719,0,3,4,0,3,0,4,3,3,3,,,,,,,,,,,,,,,,,,,
720,0,0,3,2,,,,,,,,,,,,,,,,,,,,,,,,,
721,0,2,5,2,5,6,6,7,7,8,5,,,,,,,,,,,,,,,,,,
722,0,2,2,2,2,2,2,2,2,2,2,2,2,3,2,2,6,2,6,2,,,,,,,,,
723,0,2,2,1,3,,,,,,,,,,,,,,,,,,,,,,,,
724,0,3,3,3,3,3,3,3,,,,,,,,,,,,,,,,,,,,,
725,0,2,,,,,,,,,,,,,,,,,,,,,,,,,,,
726,0,0,4,5,4,,,,,,,,,,,,,,,,,,,,,,,,
727,0,2,3,0,3,3,2,2,0,3,3,0,3,0,3,,,,,,,,,,,,,,
728,3,3,3,0,3,0,4,3,3,3,3,3,5,5,6,6,7,7,,,,,,,,,,,
729,0,0,3,5,5,6,7,7,7,7,7,,,,,,,,,,,,,,,,,,
730,0,2,0,4,0,0,0,5,0,0,,,,,,,,,,,,,,,,,,,
731,7,2,0,4,0,5,0,6,7,,,,,,,,,,,,,,,,,,,,
732,0,0,5,,,,,,,,,,,,,,,,,,,,,,,,,,
733,0,4,1,4,4,4,3,4,4,3,,,,,,,,,,,,,,,,,,,
734,0,0,3,,,,,,,,,,,,,,,,,,,,,,,,,,
735,0,4,3,,,,,,,,,,,,,,,,,,,,,,,,,,
736,0,0,2,3,0,,,,,,,,,,,,,,,,,,,,,,,,
737,0,0,3,3,,,,,,,,,,,,,,,,,,,,,,,,,
738,0,2,0,0,0,0,0,,,,,,,,,,,,,,,,,,,,,,
739,0,6,4,4,4,4,4,5,,,,,,,,,,,,,,,,,,,,,
740,0,1,2,2,2,2,2,2,2,,,,,,,,,,,,,,,,,,,,
741,0,0,3,0,4,3,2,3,4,3,,,,,,,,,,,,,,,,,,,
742,0,3,3,3,2,3,,,,,,,,,,,,,,,,,,,,,,,
743,0,2,,,,,,,,,,,,,,,,,,,,,,,,,,,
744,0,3,2,0,3,4,5,4,3,0,6,7,,,,,,,,,,,,,,,,,
745,3,3,3,4,5,5,4,4,4,4,0,,,,,,,,,,,,,,,,,,
746,0,2,2,1,4,3,3,4,5,,,,,,,,,,,,,,,,,,,,
747,0,0,0,0,0,0,0,,,,,,,,,,,,,,,,,,,,,,
748,0,0,3,4,3,3,4,5,,,,,,,,,,,,,,,,,,,,,
749,0,2,0,3,0,0,3,,,,,,,,,,,,,,,,,,,,,,
750,0,0,3,3,3,3,3,3,3,3,,,,,,,,,,,,,,,,,,,
751,0,2,3,0,5,,,,,,,,,,,,,,,,,,,,,,,,
752,4,2,3,5,5,5,6,4,4,,,,,,,,,,,,,,,,,,,,
753,0,0,1,4,4,4,3,4,4,4,4,4,4,4,5,5,4,5,5,4,5,6,,,,,,,
754,0,2,3,1,3,1,2,2,2,4,3,2,3,3,4,5,5,3,3,3,3,,,,,,,,
755,0,2,0,1,4,4,3,0,,,,,,,,,,,,,,,,,,,,,
756,0,0,1,4,4,5,4,4,5,0,,,,,,,,,,,,,,,,,,,
757,0,0,5,5,,,,,,,,,,,,,,,,,,,,,,,,,
758,0,0,1,4,0,3,3,0,2,2,0,,,,,,,,,,,,,,,,,,
759,0,3,4,0,3,4,4,4,4,4,5,,,,,,,,,,,,,,,,,,
760,0,2,3,0,4,5,4,,,,,,,,,,,,,,,,,,,,,,
761,0,2,3,1,2,4,,,,,,,,,,,,,,,,,,,,,,,
762,0,0,4,5,0,3,,,,,,,,,,,,,,,,,,,,,,,
763,0,4,3,4,4,,,,,,,,,,,,,,,,,,,,,,,,
764,0,0,3,2,2,2,2,,,,,,,,,,,,,,,,,,,,,,
765,0,0,3,3,,,,,,,,,,,,,,,,,,,,,,,,,
766,0,2,3,4,5,3,,,,,,,,,,,,,,,,,,,,,,,
767,0,0,3,0,4,5,5,,,,,,,,,,,,,,,,,,,,,,
768,0,0,4,0,,,,,,,,,,,,,,,,,,,,,,,,,
769,0,0,4,0,5,0,3,4,4,,,,,,,,,,,,,,,,,,,,
770,0,2,1,0,3,4,3,4,4,3,3,3,3,3,0,0,0,,,,,,,,,,,,
771,0,2,6,6,,,,,,,,,,,,,,,,,,,,,,,,,
772,0,3,5,5,3,3,3,6,6,,,,,,,,,,,,,,,,,,,,
773,0,0,0,0,0,0,0,0,0,,,,,,,,,,,,,,,,,,,,
774,0,0,2,0,2,0,2,3,4,3,,,,,,,,,,,,,,,,,,,
775,0,4,3,2,3,3,3,3,3,1,3,,,,,,,,,,,,,,,,,,
776,0,0,,,,,,,,,,,,,,,,,,,,,,,,,,,
777,0,0,,,,,,,,,,,,,,,,,,,,,,,,,,,
778,0,2,1,1,3,,,,,,,,,,,,,,,,,,,,,,,,
779,0,0,6,5,5,,,,,,,,,,,,,,,,,,,,,,,,
780,0,0,3,3,4,4,3,,,,,,,,,,,,,,,,,,,,,,
781,0,3,2,3,2,1,3,3,3,3,3,,,,,,,,,,,,,,,,,,
782,0,0,4,0,,,,,,,,,,,,,,,,,,,,,,,,,
783,0,3,4,3,3,3,3,3,3,4,,,,,,,,,,,,,,,,,,,
784,0,2,3,3,2,2,2,2,2,2,,,,,,,,,,,,,,,,,,,
785,0,0,4,2,2,,,,,,,,,,,,,,,,,,,,,,,,
786,0,2,2,1,2,2,3,1,1,1,1,2,2,1,3,2,3,2,,,,,,,,,,,
787,8,2,4,0,3,5,6,4,6,4,6,5,5,,,,,,,,,,,,,,,,
788,2,2,3,2,3,3,,,,,,,,,,,,,,,,,,,,,,,
789,0,2,3,2,3,3,3,,,,,,,,,,,,,,,,,,,,,,
790,0,0,4,3,4,4,4,,,,,,,,,,,,,,,,,,,,,,
791,0,0,2,3,3,4,4,5,5,5,5,,,,,,,,,,,,,,,,,,
792,0,4,2,0,2,0,3,4,4,4,4,4,,,,,,,,,,,,,,,,,
793,0,0,0,0,0,0,,,,,,,,,,,,,,,,,,,,,,,
794,0,0,2,,,,,,,,,,,,,,,,,,,,,,,,,,
795,0,0,3,3,3,4,3,3,,,,,,,,,,,,,,,,,,,,,
796,0,3,3,0,3,4,4,4,4,4,,,,,,,,,,,,,,,,,,,
797,0,0,3,3,3,3,3,,,,,,,,,,,,,,,,,,,,,,
798,0,0,2,3,0,,,,,,,,,,,,,,,,,,,,,,,,
799,0,5,3,1,4,4,3,2,3,3,3,3,3,4,4,4,,,,,,,,,,,,,
800,0,2,2,2,1,1,3,3,2,2,3,1,2,1,3,4,1,3,2,4,,,,,,,,,
801,0,0,4,4,0,3,5,5,4,6,5,5,,,,,,,,,,,,,,,,,
802,0,2,0,0,2,2,0,,,,,,,,,,,,,,,,,,,,,,
803,3,0,5,1,1,3,5,3,5,4,5,,,,,,,,,,,,,,,,,,
804,0,4,1,4,1,3,5,4,4,4,4,,,,,,,,,,,,,,,,,,
805,0,0,,,,,,,,,,,,,,,,,,,,,,,,,,,
806,0,3,4,5,0,5,3,3,3,,,,,,,,,,,,,,,,,,,,
807,3,3,1,4,5,5,5,5,5,3,5,3,5,5,,,,,,,,,,,,,,,
808,0,0,3,,,,,,,,,,,,,,,,,,,,,,,,,,
809,0,2,1,4,5,6,7,8,,,,,,,,,,,,,,,,,,,,,
810,0,0,4,0,3,2,2,2,3,4,,,,,,,,,,,,,,,,,,,
811,0,3,2,0,3,3,3,,,,,,,,,,,,,,,,,,,,,,
812,0,3,1,4,2,2,2,2,2,2,2,2,2,,,,,,,,,,,,,,,,
813,0,3,3,1,3,3,,,,,,,,,,,,,,,,,,,,,,,
814,0,3,4,0,3,,,,,,,,,,,,,,,,,,,,,,,,
815,0,0,0,0,0,0,0,,,,,,,,,,,,,,,,,,,,,,
816,0,7,4,3,0,3,5,4,,,,,,,,,,,,,,,,,,,,,
817,0,3,0,0,0,0,0,0,,,,,,,,,,,,,,,,,,,,,
818,0,0,,,,,,,,,,,,,,,,,,,,,,,,,,,
819,0,0,3,3,0,,,,,,,,,,,,,,,,,,,,,,,,
820,0,0,3,,,,,,,,,,,,,,,,,,,,,,,,,,
821,0,2,4,5,3,3,4,5,4,4,5,,,,,,,,,,,,,,,,,,
822,0,2,3,0,3,,,,,,,,,,,,,,,,,,,,,,,,
823,0,2,2,3,4,3,5,6,6,,,,,,,,,,,,,,,,,,,,
824,0,1,2,2,0,2,2,0,2,2,,,,,,,,,,,,,,,,,,,
825,0,0,7,7,6,7,,,,,,,,,,,,,,,,,,,,,,,
826,0,0,3,3,3,,,,,,,,,,,,,,,,,,,,,,,,
827,0,7,5,4,3,3,3,3,7,6,7,7,7,,,,,,,,,,,,,,,,
828,0,0,4,5,5,5,4,,,,,,,,,,,,,,,,,,,,,,
829,0,0,3,2,4,2,,,,,,,,,,,,,,,,,,,,,,,
830,0,2,,,,,,,,,,,,,,,,,,,,,,,,,,,
831,3,0,4,0,3,,,,,,,,,,,,,,,,,,,,,,,,
832,0,4,3,2,0,2,,,,,,,,,,,,,,,,,,,,,,,
833,4,4,4,5,4,6,7,5,7,7,,,,,,,,,,,,,,,,,,,
834,0,0,2,3,,,,,,,,,,,,,,,,,,,,,,,,,
835,0,0,4,0,5,0,5,5,5,,,,,,,,,,,,,,,,,,,,
836,0,2,0,0,4,4,,,,,,,,,,,,,,,,,,,,,,,
837,0,0,3,0,3,,,,,,,,,,,,,,,,,,,,,,,,
838,0,0,3,3,,,,,,,,,,,,,,,,,,,,,,,,,
839,0,0,4,4,4,,,,,,,,,,,,,,,,,,,,,,,,
840,5,2,1,0,4,3,3,,,,,,,,,,,,,,,,,,,,,,
841,0,0,0,0,0,0,0,0,,,,,,,,,,,,,,,,,,,,,
842,0,3,4,3,2,2,3,3,3,,,,,,,,,,,,,,,,,,,,
843,0,3,4,2,,,,,,,,,,,,,,,,,,,,,,,,,
844,0,0,,,,,,,,,,,,,,,,,,,,,,,,,,,
845,0,3,2,0,1,1,1,,,,,,,,,,,,,,,,,,,,,,
846,0,3,0,0,3,,,,,,,,,,,,,,,,,,,,,,,,
847,2,3,2,3,3,3,3,3,5,4,5,,,,,,,,,,,,,,,,,,
848,0,4,1,2,3,4,4,5,5,6,6,6,7,,,,,,,,,,,,,,,,
849,0,0,3,5,,,,,,,,,,,,,,,,,,,,,,,,,
850,0,2,6,6,,,,,,,,,,,,,,,,,,,,,,,,,
851,0,3,4,3,3,3,3,4,4,,,,,,,,,,,,,,,,,,,,
852,0,0,3,4,3,3,4,4,4,3,3,1,4,,,,,,,,,,,,,,,,
853,0,0,0,0,0,0,3,3,0,,,,,,,,,,,,,,,,,,,,
854,0,0,4,5,6,5,7,,,,,,,,,,,,,,,,,,,,,,
855,0,2,3,3,4,,,,,,,,,,,,,,,,,,,,,,,,
856,0,2,3,3,3,3,3,3,3,3,3,3,,,,,,,,,,,,,,,,,
857,0,2,2,0,2,,,,,,,,,,,,,,,,,,,,,,,,
858,0,3,4,0,3,4,3,3,4,4,4,5,4,6,7,5,8,6,8,8,,,,,,,,,
859,0,0,,,,,,,,,,,,,,,,,,,,,,,,,,,
860,0,2,5,0,5,0,,,,,,,,,,,,,,,,,,,,,,,
861,3,0,5,3,3,4,6,5,5,0,6,,,,,,,,,,,,,,,,,,
862,0,0,2,,,,,,,,,,,,,,,,,,,,,,,,,,
863,0,0,4,0,4,4,4,4,4,4,4,4,,,,,,,,,,,,,,,,,
864,0,3,1,2,3,2,3,,,,,,,,,,,,,,,,,,,,,,
865,0,0,2,3,3,4,3,4,3,3,,,,,,,,,,,,,,,,,,,
866,0,2,0,0,0,0,0,0,,,,,,,,,,,,,,,,,,,,,
867,0,2,4,0,3,3,3,3,3,,,,,,,,,,,,,,,,,,,,
868,0,3,4,3,3,3,3,3,3,,,,,,,,,,,,,,,,,,,,
869,0,3,,,,,,,,,,,,,,,,,,,,,,,,,,,
870,3,3,3,4,3,0,4,5,0,5,5,0,6,6,6,,,,,,,,,,,,,,
871,0,5,4,0,5,0,,,,,,,,,,,,,,,,,,,,,,,
872,0,5,3,3,4,4,7,5,6,6,,,,,,,,,,,,,,,,,,,
873,0,2,4,4,4,4,4,,,,,,,,,,,,,,,,,,,,,,
874,0,0,,,,,,,,,,,,,,,,,,,,,,,,,,,
875,0,2,3,0,4,3,,,,,,,,,,,,,,,,,,,,,,,
876,0,2,3,4,0,0,3,3,3,3,,,,,,,,,,,,,,,,,,,
877,0,0,3,3,0,3,3,3,3,3,3,3,3,,,,,,,,,,,,,,,,
878,0,0,2,2,,,,,,,,,,,,,,,,,,,,,,,,,
879,0,2,4,0,4,5,,,,,,,,,,,,,,,,,,,,,,,
880,5,3,1,5,4,0,5,6,7,5,8,9,9,9,9,9,9,9,6,,,,,,,,,,
881,0,2,2,2,,,,,,,,,,,,,,,,,,,,,,,,,
882,4,2,3,4,5,5,6,6,,,,,,,,,,,,,,,,,,,,,
883,0,2,5,4,3,3,3,5,5,3,4,5,,,,,,,,,,,,,,,,,
884,0,0,,,,,,,,,,,,,,,,,,,,,,,,,,,
885,0,2,4,0,3,3,0,,,,,,,,,,,,,,,,,,,,,,
886,0,2,,,,,,,,,,,,,,,,,,,,,,,,,,,
887,0,0,5,4,3,6,4,4,,,,,,,,,,,,,,,,,,,,,
888,0,0,3,3,2,3,3,4,3,5,5,,,,,,,,,,,,,,,,,,
889,0,0,1,3,2,3,,,,,,,,,,,,,,,,,,,,,,,
890,0,4,3,4,5,0,,,,,,,,,,,,,,,,,,,,,,,
891,0,0,4,3,3,3,4,4,2,0,,,,,,,,,,,,,,,,,,,
892,0,0,2,2,,,,,,,,,,,,,,,,,,,,,,,,,
893,3,3,1,0,1,3,3,0,3,3,4,4,4,0,5,5,2,,,,,,,,,,,,
894,0,2,4,4,3,3,4,4,3,4,5,,,,,,,,,,,,,,,,,,
895,0,3,4,6,0,5,4,5,4,5,5,,,,,,,,,,,,,,,,,,
896,0,5,5,4,4,3,4,4,4,5,6,,,,,,,,,,,,,,,,,,
897,0,0,3,3,2,3,,,,,,,,,,,,,,,,,,,,,,,
898,0,1,2,0,2,2,2,,,,,,,,,,,,,,,,,,,,,,
899,0,2,2,0,3,0,0,4,4,,,,,,,,,,,,,,,,,,,,
900,0,0,1,0,3,,,,,,,,,,,,,,,,,,,,,,,,
901,0,0,0,0,0,0,,,,,,,,,,,,,,,,,,,,,,,
902,0,3,3,3,,,,,,,,,,,,,,,,,,,,,,,,,
903,0,0,4,0,3,,,,,,,,,,,,,,,,,,,,,,,,
904,0,3,1,4,3,3,3,4,4,4,,,,,,,,,,,,,,,,,,,
905,0,2,4,3,2,2,2,2,,,,,,,,,,,,,,,,,,,,,
906,0,2,2,2,,,,,,,,,,,,,,,,,,,,,,,,,
907,0,5,,,,,,,,,,,,,,,,,,,,,,,,,,,
908,0,0,,,,,,,,,,,,,,,,,,,,,,,,,,,
909,0,2,4,3,6,3,3,,,,,,,,,,,,,,,,,,,,,,
910,0,2,1,0,2,0,3,3,3,3,3,3,3,3,1,0,1,2,,,,,,,,,,,
911,0,0,2,2,2,,,,,,,,,,,,,,,,,,,,,,,,
912,0,0,4,0,5,0,4,,,,,,,,,,,,,,,,,,,,,,
913,0,0,2,2,2,,,,,,,,,,,,,,,,,,,,,,,,
914,0,5,6,3,4,,,,,,,,,,,,,,,,,,,,,,,,
915,0,3,4,3,0,5,2,4,,,,,,,,,,,,,,,,,,,,,
916,0,4,2,0,3,0,6,6,6,,,,,,,,,,,,,,,,,,,,
917,0,0,0,0,0,0,0,0,0,0,,,,,,,,,,,,,,,,,,,
918,0,2,1,2,2,2,2,,,,,,,,,,,,,,,,,,,,,,
919,0,1,1,1,0,,,,,,,,,,,,,,,,,,,,,,,,
920,0,3,3,3,,,,,,,,,,,,,,,,,,,,,,,,,
921,2,3,4,1,3,3,,,,,,,,,,,,,,,,,,,,,,,
922,0,3,4,0,5,6,7,5,0,3,0,6,0,7,0,,,,,,,,,,,,,,
923,0,0,2,3,2,2,,,,,,,,,,,,,,,,,,,,,,,
924,0,0,4,2,1,4,3,4,,,,,,,,,,,,,,,,,,,,,
925,2,2,4,5,0,,,,,,,,,,,,,,,,,,,,,,,,
926,0,0,1,1,4,3,3,3,4,,,,,,,,,,,,,,,,,,,,
927,0,2,3,0,3,3,,,,,,,,,,,,,,,,,,,,,,,
928,3,5,4,5,4,4,4,5,6,6,5,,,,,,,,,,,,,,,,,,
929,3,2,4,4,3,5,5,6,4,4,5,,,,,,,,,,,,,,,,,,
930,0,2,2,2,2,2,2,2,3,4,3,3,3,,,,,,,,,,,,,,,,
931,0,0,0,5,,,,,,,,,,,,,,,,,,,,,,,,,
932,0,4,5,5,4,7,4,4,4,5,5,,,,,,,,,,,,,,,,,,
933,0,3,1,5,0,5,0,,,,,,,,,,,,,,,,,,,,,,
934,0,4,3,3,3,3,3,3,4,,,,,,,,,,,,,,,,,,,,
935,0,2,3,4,2,0,,,,,,,,,,,,,,,,,,,,,,,
936,0,0,,,,,,,,,,,,,,,,,,,,,,,,,,,
937,0,2,5,4,5,6,6,,,,,,,,,,,,,,,,,,,,,,
938,0,1,3,1,1,0,3,4,5,5,5,5,5,5,4,,,,,,,,,,,,,,
939,0,1,4,3,3,3,3,4,4,,,,,,,,,,,,,,,,,,,,
940,0,0,2,2,2,2,,,,,,,,,,,,,,,,,,,,,,,
941,0,0,3,4,3,4,4,4,,,,,,,,,,,,,,,,,,,,,
942,0,0,0,,,,,,,,,,,,,,,,,,,,,,,,,,
943,0,0,3,3,,,,,,,,,,,,,,,,,,,,,,,,,
944,0,2,4,0,3,0,3,4,,,,,,,,,,,,,,,,,,,,,
945,0,2,1,1,1,2,3,3,2,3,4,,,,,,,,,,,,,,,,,,
946,2,3,3,3,5,5,3,4,4,4,4,,,,,,,,,,,,,,,,,,
947,0,0,1,0,5,5,5,4,5,5,4,5,,,,,,,,,,,,,,,,,
948,1,3,3,0,3,2,2,3,2,2,2,2,2,2,2,,,,,,,,,,,,,,
949,4,6,4,3,5,3,6,3,5,6,3,6,4,4,,,,,,,,,,,,,,,
950,0,4,4,3,3,5,3,4,0,,,,,,,,,,,,,,,,,,,,
951,0,2,3,2,2,2,3,3,3,3,,,,,,,,,,,,,,,,,,,
952,0,0,3,0,3,1,3,1,2,,,,,,,,,,,,,,,,,,,,
953,0,4,4,3,3,3,3,3,3,,,,,,,,,,,,,,,,,,,,
954,0,2,3,3,,,,,,,,,,,,,,,,,,,,,,,,,
955,0,4,1,1,1,2,1,1,3,,,,,,,,,,,,,,,,,,,,
956,0,0,4,3,3,3,2,2,5,,,,,,,,,,,,,,,,,,,,
957,0,0,2,0,2,0,2,0,,,,,,,,,,,,,,,,,,,,,
958,0,0,3,,,,,,,,,,,,,,,,,,,,,,,,,,
959,0,0,3,0,,,,,,,,,,,,,,,,,,,,,,,,,
960,0,0,0,0,0,0,0,0,0,0,0,,,,,,,,,,,,,,,,,,
961,0,2,2,2,3,2,2,2,,,,,,,,,,,,,,,,,,,,,
962,0,2,3,2,3,2,4,3,3,3,,,,,,,,,,,,,,,,,,,
963,0,0,2,2,0,,,,,,,,,,,,,,,,,,,,,,,,
964,7,4,3,5,5,2,5,6,5,4,5,5,,,,,,,,,,,,,,,,,
965,0,0,5,0,5,3,3,3,3,3,,,,,,,,,,,,,,,,,,,
966,0,0,3,,,,,,,,,,,,,,,,,,,,,,,,,,
967,0,2,2,2,2,,,,,,,,,,,,,,,,,,,,,,,,
968,0,0,1,0,0,3,0,0,0,,,,,,,,,,,,,,,,,,,,
969,0,2,2,0,2,0,,,,,,,,,,,,,,,,,,,,,,,
970,0,3,4,1,4,3,3,,,,,,,,,,,,,,,,,,,,,,
971,0,0,0,0,0,0,0,0,0,0,0,0,0,0,0,0,,,,,,,,,,,,,
972,2,2,1,1,1,1,2,4,3,,,,,,,,,,,,,,,,,,,,
973,0,2,4,3,3,,,,,,,,,,,,,,,,,,,,,,,,
974,0,0,0,0,0,0,0,0,0,0,0,0,,,,,,,,,,,,,,,,,
975,5,0,,,,,,,,,,,,,,,,,,,,,,,,,,,
976,0,3,3,0,4,4,3,3,3,3,,,,,,,,,,,,,,,,,,,
977,0,2,3,0,3,2,0,2,2,2,2,3,3,3,3,3,,,,,,,,,,,,,
978,0,0,0,3,3,,,,,,,,,,,,,,,,,,,,,,,,
979,0,0,,,,,,,,,,,,,,,,,,,,,,,,,,,
980,0,0,5,0,,,,,,,,,,,,,,,,,,,,,,,,,
981,0,0,1,1,1,,,,,,,,,,,,,,,,,,,,,,,,
982,0,2,0,5,6,6,,,,,,,,,,,,,,,,,,,,,,,
983,0,2,0,0,4,3,,,,,,,,,,,,,,,,,,,,,,,
984,0,0,4,0,,,,,,,,,,,,,,,,,,,,,,,,,
985,0,2,2,0,2,0,3,0,,,,,,,,,,,,,,,,,,,,,
986,0,2,0,4,0,5,4,3,3,4,,,,,,,,,,,,,,,,,,,
987,0,0,4,3,4,3,5,5,6,6,6,6,7,7,,,,,,,,,,,,,,,
988,0,2,4,4,,,,,,,,,,,,,,,,,,,,,,,,,
989,0,2,2,0,2,5,4,4,0,6,3,4,3,3,,,,,,,,,,,,,,,
990,0,4,1,0,3,4,3,3,3,3,4,5,,,,,,,,,,,,,,,,,
991,0,3,3,2,3,5,6,5,6,7,5,5,6,,,,,,,,,,,,,,,,
992,0,0,1,1,1,,,,,,,,,,,,,,,,,,,,,,,,
993,0,0,4,3,0,,,,,,,,,,,,,,,,,,,,,,,,
994,0,0,3,0,,,,,,,,,,,,,,,,,,,,,,,,,
995,0,2,3,3,3,,,,,,,,,,,,,,,,,,,,,,,,
996,0,0,1,0,2,,,,,,,,,,,,,,,,,,,,,,,,
997,0,0,1,2,4,3,4,,,,,,,,,,,,,,,,,,,,,,
998,0,5,4,0,4,4,4,4,,,,,,,,,,,,,,,,,,,,,
999,0,0,4,5,0,4,4,0,4,6,4,,,,,,,,,,,,,,,,,,
1000,0,2,4,4,3,3,4,,,,,,,,,,,,,,,,,,,,,,
